Year,stock_vehicles,inflow_vehicles,outflow_vehicles,stock_change_vehicles,stock_machinery,inflow_machinery,outflow_machinery,stock_change_machinery,stock_BC,inflow_BC,outflow_BC,stock_change_BC,stock_appliances,inflow_appliances,outflow_appliances,stock_change_appliances,total_inflow,total_outflow,total_stock_change,steel_needed_vehicles,steel_needed_machinery,steel_needed_BC,steel_needed_appliances,total_steel_needed
1801,11584527.502606029,327643.6760068508,3992.600647772658,323651.0753590781,277371.81604640797,13348.951195572668,60.400844862093905,13288.550350710575,28772726.720843587,902660.6105464102,2446.795408900947,900213.8151375093,779785.5059552863,29741.45877699702,390.2890001613094,29351.16977683571,1273394.6965258305,6890.085901697009,1266504.6106241336,370973.3650439887,15114.301625421953,1022034.2057817144,33674.658941346264,1441796.5313924714
1802,11917470.545341961,339722.7024695534,6779.659733620327,332943.0427359324,291329.03263324604,14044.186380960218,86.96979412214259,13957.216586838069,29701999.874016155,932123.3589426802,2850.20577011133,929273.1531725675,810284.52742309,31278.983455117574,779.9619873139007,30499.02146780363,1317169.2312483115,10496.797285167699,1306672.4339631414,384649.79899179505,15901.479145108942,1055393.2959043027,35415.515687406674,1491360.0897286136
1803,12259971.734348403,353699.15267641854,11197.963669976923,342501.1890064422,305988.56127185724,14783.155415389014,123.62677677781673,14659.528638611198,30661269.40653224,962581.8036061294,3312.2710900446677,959269.5325160846,841976.2791875829,33175.93909634037,1484.1873318475089,31691.751764492947,1364240.0507942773,16118.048868646916,1348122.001925631,400474.5840992058,16738.17415691691,1089879.7595178096,37563.336839153504,1544655.8546130857
1804,12612304.83900528,370325.9987627808,17992.894105904514,352333.104656877,321385.74068049714,15570.715973985738,173.53656534582802,15397.179408639902,31651502.509165958,994073.4948075411,3840.3921738252106,990233.1026337184,874907.3936341396,35620.9570718952,2689.84262533851,32931.11444655666,1415591.1666162028,24696.665470414064,1390894.501145792,419300.2703382935,17629.886745907766,1125536.1127802776,40331.69958321468,1602797.9694476936
1805,12974751.433620019,390574.12161419843,28127.526999459904,362446.5946147386,337557.6876507506,16412.541522556126,240.59455230265505,16171.946970253484,32673697.48787748,1026637.710077913,4442.731366389126,1022194.9787115231,909126.3253923184,38862.62427746154,4643.6925192826075,34218.931758178864,1472486.9974921292,37454.545437434295,1435032.452054694,442226.13407404715,18583.04067318402,1162406.8275338688,44002.065531546126,1667218.067812646
1806,13347601.11780927,415631.8648170657,42782.18062781613,372849.6841892507,354543.38650237274,17315.200361207575,329.5015095854689,16985.698851622117,33728884.760180876,1060315.5382315686,5128.265928175281,1055187.272303395,944683.4224675286,43195.01453833748,7637.917463127266,35557.097075210186,1536457.6179481794,55877.86552870415,1480579.752419478,470597.67302656895,19605.072872744084,1200538.426439729,48907.39870735675,1739648.571046399
1807,13731151.742979102,446868.5721244196,63317.94695458679,383550.62516983226,372383.78303765226,18286.209508711916,445.8129734323824,17840.39653527952,34818127.88311354,1095149.9646067175,5906.841674052486,1089243.122932665,981631.0001432888,48919.13906058431,11971.561384824268,36947.57767576014,1609223.8853004333,81642.16298689593,1527581.7223135368,505965.32169884467,20704.49446185679,1239979.5794913014,55388.51795808912,1822037.913610092
1808,14125709.645064728,485750.0804816105,91192.17839598248,394557.9020856265,391121.8832215163,19334.050524258913,595.9503403948652,18738.100183864066,35942524.613789186,1131185.9569952583,6789.226319610204,1124396.7306756452,1020023.4177615127,56278.01222425187,17885.594606027917,38392.41761822393,1692548.1002253797,116462.94966201545,1576085.1505633597,549988.7686612437,21890.90865518446,1280781.2013080372,63720.57543506779,1916381.454059533
1809,14531589.883695345,533699.0198309546,127818.78120034072,405880.23863061704,410802.85682497575,20468.133535196626,787.1599317372225,19680.973603459424,37103208.00354632,1168470.5516639443,7787.1619068141545,1160683.389757134,1059917.1584923698,65372.573197512706,25478.832466655607,39893.74073085713,1788010.2782276082,161871.9355055477,1626138.3427220676,604278.7815114976,23174.97003532227,1322996.5485325456,74017.8591457345,2024468.1592250997
1810,14949116.48795315,591901.9523328047,174375.34807499612,417526.6042578053,431474.1462814259,21698.696149507585,1027.4066930574786,20671.289456450148,38301347.52673304,1207052.9387962348,8913.415609511047,1198139.523186721,1101370.9122095925,76077.6071461296,34623.85342890675,41453.75371722272,1896731.1944246767,218940.02380647138,1677791.170618199,670178.840956527,24568.270096815653,1366681.3165718238,86138.59504770108,2147567.0226728674
1811,15378622.70889952,661078.2493726935,231572.02842632518,429506.2209463697,453185.58101786434,23036.625949788373,1325.1912133498374,21711.434736438445,39538150.245200895,1246984.5466166488,10181.828148786833,1236802.718467854,1144445.661591476,87986.26337077266,44911.51398888921,43074.749381883536,2019085.6853099032,287990.5617773511,1731095.1235325458,748503.4526411837,26083.136265611836,1411893.734846749,99622.12791074804,2286102.4516642927
1812,15820451.279045869,741240.075965177,299411.5058188262,441828.5701463483,475989.4975362292,24493.19916119556,1689.2826428307117,22803.91651836486,40814862.00961104,1288319.123390866,11607.358980729032,1276711.7644101456,1189204.7715724998,100412.81548676942,55653.70550574565,44759.10998102371,2154465.214004008,368361.85294813156,1786103.3610558824,839266.3903591225,27732.336006788453,1458694.6596363971,113692.04652034582,2439385.432522654
1813,16274954.678950043,831485.474062641,376982.0741584664,454503.39990417473,499940.86553390604,26079.733956328706,2128.365958651864,23951.367997676833,42132768.69868981,1331112.8164357648,13206.127356999948,1317906.6890787706,1235714.0822752353,112471.88710883379,65962.57640609832,46509.31070273556,2301149.9115635683,458279.1438802166,1842870.7676833577,941446.4153788962,29528.684280263482,1507147.6635368713,127345.8866721397,2605468.6498681707
1814,16742495.411123978,929873.1139144691,462332.38174053613,467540.7321739346,525097.420366944,27807.164561199737,2650.609728161715,25156.55483303801,43493197.497602016,1375424.2472140607,14995.44830185613,1360428.7989122048,1284042.0055571895,123229.4889333484,74901.5656513944,48327.923281954136,2456334.014623078,554880.0054219484,1901454.0092011315,1052845.4641241725,31484.561323822167,1557319.1204869347,139526.14236112818,2781175.2882960574
1815,17223446.281442128,1033424.0313167352,552473.1609985883,480950.87031815015,551519.8021747592,29685.551424441168,3263.1696166260376,26422.381807815167,44897518.216646336,1421314.581546195,16993.862501867672,1404320.7190443203,1334259.6253123598,131894.17893022837,81676.55917505792,50217.61975517031,2616318.3432176,654406.7522921399,1961911.590925456,1170090.615168405,33611.35804397777,1609278.2852651665,149336.70621629118,2962316.96469384
1816,17718190.688244365,1138280.608130716,643536.2013284774,494744.40680223703,579271.7020011256,31723.552466804475,3971.6526404381175,27751.899826366338,46347144.6515108,1468847.593931384,19221.15906692725,1449626.4348644614,1386440.8016726654,137996.78586181634,85815.60950151068,52181.17636030563,2776848.5403907206,752544.6225373535,2024303.9178533705,1288814.0943509012,35918.877340131876,1663097.3663172373,156246.36080368698,3144076.6988119576
1817,18227122.919331983,1240027.1808904738,731094.949802856,508932.2310876176,608420.0152630402,33927.889823569756,4779.576561655188,29148.31326191465,47843535.98636319,1518089.7249481855,21698.390095794603,1496391.33485239,1440662.2792598775,141504.50485580743,87283.02726859516,54221.47758721211,2933549.3005180364,844855.9437289009,2088693.3567891342,1404016.2827111343,38414.73032559981,1718851.5907474926,160217.9629255066,3321500.5667097336
1818,18750648.457058843,1334144.3883823252,810618.8506554638,523525.5377268605,639035.0029366866,36302.85431778806,5687.866644141437,30614.98767364642,49388198.241086654,1569110.1306921924,24447.875968718166,1544662.254723467,1497003.7996444935,142833.02413348077,86491.50374886506,56341.520384615986,3082390.397525786,927246.0970171884,2155144.3005085895,1510580.1498894081,41103.77526923467,1776619.2602946018,161722.1740641766,3490025.359517421
1819,19289184.291725148,1416537.8656163225,878002.0309500161,538535.8346663043,671190.460848276,38849.894883547466,6694.436971958201,32155.457911589416,50982685.76400977,1621980.7232183365,27493.20029523364,1594487.522923112,1555548.2181739137,142752.57539184336,84208.15686242316,58544.41852942016,3220121.0591100496,996397.8250796311,2223723.2340304255,1603869.8659605102,43987.65272140791,1836481.7971222107,161631.0862679386,3645970.4020720674
1820,19843159.243485063,1484059.3544643987,930084.4027044843,553974.9517599158,704963.8974769762,41567.34113106173,7793.904502361558,33773.43662870012,52628602.77151769,1676776.2009764242,30859.193468507467,1645917.0075079203,1616381.6253384654,142217.4478898211,81384.04072526921,60833.40716455178,3344620.344461706,1050121.5414006226,2294498.803061088,1680320.8270656688,47064.4713893362,1898523.7782794659,161025.19009264166,3786934.266827113
1821,20413014.292984106,1534931.5660253656,965076.5165263244,569855.0494990423,740436.7206975587,44450.303344596425,8977.480124013819,35472.82322058256,54327604.93597159,1733574.0682754442,34571.903821532534,1699002.1644539014,1679593.4728502308,142170.0463443012,78958.19883253606,63211.847511765314,3455125.9839897077,1087584.099304407,2367541.884685292,1737920.7042859665,50328.69491009559,1962832.957739407,160971.51986447145,3912053.8767999406
1822,20999202.92094718,1569000.4075455188,982811.7795824452,586188.6279630736,777694.4339118814,47490.78504568224,10233.071831359506,37257.71321432269,56081401.02340247,1792454.6428762611,38658.55544537401,1753796.0874308795,1745276.7046162484,143372.5050964667,77689.27333044888,65683.23176601762,3552318.340563929,1109392.6801896275,2442925.6603742936,1776495.0266593285,53771.26929991196,2029500.2749957668,162332.99942987625,4022099.570384884
1823,21602191.45694197,1587767.7478920326,984779.2118972391,602988.5359947905,816826.8420407956,50678.02907158175,11545.620942667721,39132.40812891419,57891754.58248823,1853501.0509031373,43147.49181737883,1810353.559085764,1813527.892794611,146302.81667169064,78051.62849332826,68251.18817836256,3638249.644538442,1117523.953150614,2520725.6913878312,1797744.2797690588,57380.014800251076,2098619.8493015594,165650.83409385264,4119394.9779647216
1824,22222459.43754782,1594198.2588175368,973930.278211684,620267.9806058519,857928.2678717541,53999.09983071484,12897.673999756282,41101.42583095853,59760485.68636389,1916799.2083744989,48068.10449884918,1868731.1038756594,1884447.3791290077,151127.2951584019,80207.8088240051,70919.48633439676,3716123.862181152,1115103.8655342944,2601019.996646866,1805025.2024655081,61140.28513441445,2170288.958757358,171113.3323804369,4207567.778737718
1825,22860499.97416444,1592335.5287549198,954294.9921383049,638040.5366166197,901097.7792821828,57439.683573111375,14270.172162682653,43169.51141042868,61689472.72885924,1982437.7887925871,53450.74629722927,1928987.0424953476,1958139.4217647642,157737.94833113765,84045.905695381,73692.04263575654,3789950.949451756,1106061.816293598,2683889.1331581525,1802916.133101132,65035.8736108598,2244608.0036147954,178598.22048362507,4291158.230810412
1826,23516820.130699284,1586795.798956432,930475.6424215882,656320.1565348431,946439.4278847898,60985.06724410901,15643.418641502003,45341.64860260696,63680654.27680078,2050508.1763896602,59326.62844812541,1991181.5479415432,2034712.347757029,165829.73048731062,89256.80449504592,76572.92599226488,3864118.7730775117,1094702.4940062617,2769416.279071258,1796643.7941082788,69050.12142675386,2321680.453339742,187760.1115119006,4375134.480386675
1827,24191941.311377924,1582225.0279057326,907103.8472270896,675121.1806786396,994062.4996683197,64621.23714901148,16998.165365481567,47623.071783529944,65736030.98006151,2121104.4048173176,65727.70155658825,2055376.7032607272,2114278.7114897333,174990.61596062925,95424.25222792508,79566.3637327042,3942941.285832691,1085253.9663770844,2857687.3194556013,1791468.5551468893,73167.16162705104,2401612.7771935207,198132.4908974516,4464380.984864912
1828,24886399.658925388,1582803.715603509,888345.368056044,694458.3475474641,1044081.7782359892,68336.02360871519,18316.745041045768,50019.27856766945,67857667.54108654,2194323.0812693126,72686.52024427449,2121636.561025031,2196955.459232143,184783.85596502403,102107.10822261406,82676.74774240982,4030246.676446561,1081455.7415639784,2948790.9348825742,1792123.772196002,77373.21513667934,2484514.3583212327,209220.85140967395,4563232.197063588
1829,25600746.463372122,1591866.1109308905,877519.3064841593,714346.8044467345,1096617.8212740403,72120.20905439064,19584.166016339615,52536.04303805111,70047694.74567153,2270263.2962635583,80236.091678578,2190027.204584986,2282864.1000684234,194811.38953036643,108902.74869408608,85908.6408362803,4129061.005779206,1086242.3128731628,3042818.692906052,1802384.636470664,81657.84539672853,2570497.3916027606,220574.48995738954,4675114.363427543
1830,26335548.581742432,1611672.0562068224,876869.9378365114,734802.1183703095,1151797.2509144887,75968.51597269188,20789.08633224345,55179.42964044842,72308311.55681618,2349026.519552758,88409.70840809758,2260616.81114465,2372130.8834443595,204755.6922405568,115488.90886462071,89266.7833759361,4241422.783972829,1101557.641441473,3139865.142531344,1824809.8462486668,86015.0769618341,2659676.7657979596,231833.8906709203,4802335.579679381
1831,27091388.868887786,1643338.549014968,887498.2618696119,755840.2871453539,1209753.0586893696,79880.39827867885,21924.590503798077,57955.8077748809,74641787.2735264,2430716.4829053897,97240.76619517659,2333475.7167102247,2464886.983584622,214402.23195140096,121646.13181113877,92756.1001402624,4368337.662150437,1128309.7503797254,3240027.911770722,1860664.11799702,90444.29152930123,2752169.930825849,242756.15030729276,4946034.490659463
1832,27868866.619732905,1686911.3166710173,909433.5658258996,777477.7508451194,1270624.9258087485,83860.57458284919,22988.707463470015,60871.867119378876,77050463.75648682,2515439.050776153,106762.56781573962,2408676.482960418,2561268.6910433914,223646.302665975,127264.59520720542,96381.70745876944,4509857.244695994,1166449.4363123148,3343407.8083836855,1909999.2263032352,94950.83172876947,2848096.751331695,253222.71588085938,5106269.525244559
1833,28668598.02320604,1741539.119227263,941807.715754132,799731.4034731351,1334559.559531346,87919.26299359804,23984.62927100064,63934.6337225975,79536757.72257735,2603302.0801768717,117008.11408633352,2486293.96609053,2661417.6116609713,232487.69961686418,132338.77899928435,100148.92061757995,4665248.162014597,1215139.2381107504,3450108.923903843,1971851.3578207234,99546.26697644705,2947579.348026349,263233.35554445675,5282210.3283679765
1834,29491216.628130626,1805706.7513784585,983088.1464538705,822618.6049245857,1401711.0464350835,92072.10232972348,24920.615425985932,67151.48690373753,82103163.1102576,2694415.271354248,128009.88367399633,2566405.3876802474,2765480.8732092,241015.93795416423,136952.6764059355,104063.26154822856,4833210.063016594,1272971.3219597882,3560238.741056799,2044504.9268324939,104248.30426825576,3050741.9286166755,272889.42250245047,5472384.582219876
1835,30337373.82135934,1877485.505210732,1031328.3119820196,846157.1932287142,1472241.2234352874,96339.77117767223,25809.594177468567,70530.17700020387,84752253.5178969,2788890.011179588,139799.60354028334,2649090.4076393098,2873611.3400189346,249388.36535059573,141257.89854086115,108130.4668097347,5012103.652918587,1338195.4082406329,3673908.2446779627,2125776.160791137,109080.35685877744,3157710.610484135,282369.07308717817,5674936.201221228
1836,31207739.318436164,1954768.9922578132,1084403.49518099,870365.4970768243,1546320.0674405931,100747.34124158349,26668.49723627742,74078.84400530579,87486684.71717991,2886839.211445648,152408.01216264605,2734431.199283004,2985967.83589382,257803.7253252779,145447.22945039265,112356.49587488547,5200159.270270322,1408927.2340303063,3791232.0362400194,2213280.1089875605,114070.8120941842,3268613.237596975,291897.3339280773,5887861.492606797
1837,32103001.667077214,2035473.9290915176,1140211.580450465,895262.3486410491,1624126.104581138,105323.42226573496,27517.38512519049,77806.03714054474,90309197.2437734,2988377.1445509167,165864.61795742073,2822512.5265934914,3102715.3756257636,266474.18140955566,149726.6416776118,116747.53973194351,5395648.677317725,1483320.2252106878,3912328.4521070286,2304657.981308331,119252.063253776,3383579.1944643534,301714.4264148049,6109203.665441265
1838,33023868.763764333,2117696.537109479,1196829.4404223606,920867.0966871195,1705846.8399902317,110099.17040008007,28378.434990986003,81720.73540909379,93222619.06749277,3093619.279312783,180197.45559341766,2913421.8237193674,3224025.4054392474,275599.08150437655,154289.05169089278,121310.02981348382,5597014.068326719,1559694.382697657,4037319.6856290647,2397754.231328667,124659.38677545298,3502739.2202363936,312046.0614859336,6337198.899826447
1839,33971068.38375096,2199823.574976511,1252623.954989886,947199.6199866273,1791679.2091698155,115107.23899661448,29274.869817030645,85832.36917958385,96229868.34426467,3202682.119899654,195432.84312774654,3007249.276771903,3350076.05270358,285343.5287642772,159292.88149994495,126050.64726433251,5802956.462637057,1636624.549434608,4166331.913202447,2490742.2723918827,130329.754298703,3626225.2263356587,323079.17658998776,6570376.429616232
1840,34945348.72478309,2280602.0331174377,1306321.6920853003,974280.3410321325,1881830.0520213472,120380.75017681753,30229.90732528596,90150.84285153169,99333956.25223729,3315683.0510816537,211595.143109039,3104087.907972619,3481052.385264708,295824.06555471005,164847.73299358136,130976.3325611283,6012489.899930619,1712994.4755132066,4299495.424417412,2582203.3889463744,136300.66822556333,3754170.1212428147,334945.726397996,6807619.904812749
1841,35947478.96484233,2359173.5593310473,1357043.3192718164,1002130.2400592342,1976516.610677737,125952.35773356496,31265.799077175107,94686.55865638983,102537989.9144485,3432740.1931834575,228706.53097224742,3204033.6622112095,3617146.680761129,307102.6149177522,171008.31942133146,136094.29549642093,6224968.725165823,1788023.9687425704,4436944.7564232545,2671165.714822291,142609.1006947067,3886707.6462675016,347715.8230499912,7048198.28483449
1842,36978249.83422273,2435079.725348286,1404308.855967882,1030770.8693803996,2075967.0523286755,131853.45843603797,32403.016785099455,99450.44165093848,105845175.41051783,3553972.270256941,246786.77418761348,3307185.496069327,3758558.706301648,319188.5215795421,177776.49603902298,141412.02554051904,6440093.975620807,1861275.142979618,4578818.832641184,2757110.196272969,149290.60058428213,4023972.2262872974,361400.0470782859,7291773.070222835
1843,38038474.20225539,2508243.3710931228,1448019.0030604603,1060224.368032664,2180421.0182910627,138113.591536198,33659.62557381109,104453.96596238716,109258820.8798893,3679498.4950899775,265853.02571852325,3413645.469371468,3905496.008896614,332047.3680667673,185110.06547180144,146937.3025949658,6657902.825786065,1932641.719824596,4725261.105961485,2839949.469081887,156378.61360529665,4166098.839549341,375959.42942342313,7538386.351659948
1844,39128987.67900021,2578930.336897321,1488416.860152507,1090513.4767448157,2290130.200638604,144760.04740877482,35050.86506123321,109709.18234754121,112782339.71920848,3809438.474703687,285919.6353844916,3523518.8393191844,4058174.2170484676,345614.4216252874,192936.21347343377,152678.20815185364,6878743.28063507,2002323.5740716658,4876419.706563395,2919984.530001496,163904.0391856599,4313222.910669935,391320.67665906635,7788432.156516157
1845,40250649.23222586,2647695.3953013625,1526033.8420757144,1121661.5532256514,2405358.9477702067,151817.68790549273,36588.94077389007,115228.74713160284,116419253.87648036,3943912.1399831027,306997.9827112153,3636914.157271877,4216817.353922075,359810.1984865812,201167.06161297415,158643.13687360706,7103235.421676539,2070787.827173794,5032447.594502738,2997843.5182307092,171895.02706690753,4465480.230959129,407393.7935762921,8042612.569833037
1846,41404341.82000322,2715316.231357392,1561623.6435800276,1153692.5877773613,2526384.9003653387,159308.96495634588,38283.01236121368,121025.95259513194,120173197.24470969,4083039.703006837,329096.33477750985,3753943.3682293296,4381658.162530552,374555.70841439656,209714.89980591944,164840.808608477,7332220.607734971,2138717.8905246705,5193502.717210299,3074406.9648521193,180376.99836542786,4623006.910107379,424089.3437663005,8301880.217091227
1847,42590973.03924046,2782719.7337127114,1596088.5144754671,1186631.2192372382,2653499.6592466966,167254.1114889363,40139.35260757892,127114.75888135796,124047919.15779008,4226941.64551519,352219.73243480595,3874721.9130803943,4552938.443388012,389785.37475808954,218505.09390062914,171280.28085746057,7566700.865474928,2206952.6934184814,5359748.172056451,3150724.336178342,189372.86174019056,4785939.363128613,441333.0783039963,8567369.63935114
1848,43811475.79048974,2850905.3609686634,1630402.6097193828,1220502.7512492836,2787009.48674598,175671.4705462782,42161.6430469944,133509.82749928348,128047287.99146603,4375738.741755074,376369.9080791154,3999368.8336759508,4730909.4050967125,405456.27759910113,227485.31589040105,177970.96170870028,7807771.850869116,2276419.4767358936,5531352.374133218,3227927.2655895194,198903.3860351882,4954414.336226307,459076.4012670982,8840321.389118113
1849,45066808.95935904,2920870.6500681085,1665537.4811988107,1255333.1688693017,2927236.0432480522,184577.92465950747,44351.368157435456,140226.55650207214,132175294.87225437,4529552.11868497,401545.23789662536,4128006.880788341,4915832.028352891,421553.0960723707,236630.47281619188,184922.62325617857,8056553.789484956,2348064.5600690637,5708489.229415894,3307145.2106749415,208987.68643513074,5128568.974960337,477301.96566165163,9122003.837732062
1850,46357958.114863925,2993543.8301964644,1702394.6746915812,1291149.1555048823,3074517.160671824,193989.3876603621,46708.27023659022,147281.11742377188,136436057.4972701,4688503.3561993055,427740.73118356714,4260762.625015736,5107977.443872771,438088.80739872926,245943.39187884924,192145.41551988013,8314125.381454861,2422787.067990588,5891338.31346427,3389429.155566649,219643.78131834476,5308540.937725663,496024.4648989235,9413638.33950958
1851,47685936.22505548,3069727.912471728,1741749.8022801708,1327978.1101915538,3229207.6547334543,203921.32441770792,49230.83035607764,154690.49406163022,140833824.06796417,4852714.629655885,454948.05896183534,4397766.570694059,5307627.324757987,455101.74794802704,255451.86706281165,199649.88088521548,8581465.614493348,2501380.5586608956,6080085.055832459,3475688.3066935325,230889.18072657147,5494468.557128493,515287.305194777,9716333.349743374
1852,49051784.390263334,3150059.5776802013,1784211.4124723505,1365848.1652078554,3391680.1779291476,214389.26946605512,51916.746270361895,162472.52319569327,145372977.34083986,5022308.896552237,483155.6236765499,4539153.272875696,5515074.293837943,472650.0093406952,265203.0402607383,207446.9690799564,8859407.753039189,2584486.8226800007,6274920.9303592015,3566643.5435690684,242741.47358022546,5686491.051349906,535156.2605759683,10031032.329075169
1853,50456572.59429153,3234984.808526318,1830196.6044981137,1404788.2040281966,3562326.115270666,225409.32213201022,54763.384790492026,170645.93734151823,150058038.79827568,5197410.128712367,512348.67127654713,4685061.4574358165,5730622.346545543,490804.3192109671,275256.2665033679,215548.05270759948,9148608.578581663,2672564.927068521,6476043.651513131,3662799.8284944724,255218.88828352606,5884748.787038459,555711.4121500986,10358478.915966555
1854,51901400.47390752,3324751.6884763283,1879923.8088603402,1444827.8796159923,3741556.5249073696,236998.60262308182,57768.19298637785,179230.4096367038,154893672.94263932,5378143.590812369,542509.4464487456,4835634.144363642,5954587.289902212,509640.557467953,285675.61411128414,223964.9433566695,9449534.439379731,2765877.0624067476,6683657.376973008,3764438.053075553,268340.8091293952,6089383.594669802,577038.6746693308,10699201.131544081
1855,53387398.106963284,3419419.3068833402,1933421.673827585,1485997.6330557615,3929803.1258743196,249175.6598769357,60929.0589099854,188246.60096694995,159884691.71693966,5564636.165511316,573617.3912109777,4991018.774300337,6187297.198207996,529232.9176475152,296523.00934173015,232709.90830578376,9762464.049919106,2864491.1332902783,6897972.916628832,3871625.1210182747,282128.23808529857,6300539.13667495,599222.053495828,11053514.549274351
1856,54915726.81948677,3518880.4378887,1990551.7253652131,1528328.7125234827,4127519.3353165183,261960.82727430318,64244.61783210487,197716.20944219874,165036059.05531776,5757016.724851381,605649.3864732595,5151367.338378102,6429092.886053261,549648.4814367809,307852.79359151656,241795.6878452655,10087506.471451167,2968298.5232620942,7119207.948189048,3984239.6262326767,296604.19754789764,6518361.327956727,622337.5016267899,11421542.65336409
1857,56487580.01208247,3622894.7213616376,2051041.5287659373,1571853.1925957054,4335181.357655452,275376.5263410356,67714.50400210239,207662.0223389333,170352895.5667392,5955416.546985187,638580.0355637311,5316836.511421442,6680328.399289741,570943.6778951484,319708.16465866857,251235.51323647983,10424631.472583009,3077044.232990439,7347587.239592561,4102009.4218315645,311794.0742086001,6742998.807727793,646448.9106602677,11803251.214428224
1858,58104184.00597555,3731128.5341273686,2114524.5402342835,1616603.9938930795,4553289.328285932,289447.5212693719,71339.55063889151,218107.97063047998,175840483.35529965,6159969.776654333,672381.9880938737,5487587.78856045,6941371.524620274,593162.7908461812,332119.66551564774,261043.1253305329,10773708.622897254,3190365.7444826965,7583342.878414542,4224556.764184068,327725.9072343432,6974603.460885794,671606.4207950422,12198492.553099247
1859,59766798.90903425,3843197.6085643396,2180582.705505641,1662614.9030587003,4782368.514518593,304201.1286104915,75121.94237782978,229079.18623266183,181504270.98061538,6370813.9272338925,707026.3019181932,5663787.625315726,7212604.318489226,616338.396560844,345105.6026918927,271232.7938689515,11134551.060969569,3307836.552493557,7826714.508476039,4351446.567667957,344430.6256912268,7213330.986451418,697846.9163958832,12607055.096206486
1860,61476719.50210043,3958708.6944596744,2248788.1013934966,1709920.5930661783,5022970.576617301,319667.3870752953,79065.32497658706,240602.062098708,187349878.56181794,6588090.421540254,742482.8403376935,5845607.581202567,7494423.655978394,640493.3890417883,358674.05155262025,281819.33748916816,11506959.892117012,3429010.3182603973,8077949.573856621,4482233.576154523,361942.2408008326,7459341.509896121,725196.3191143436,13028713.64596582
1861,63235276.14595421,4077297.0949466676,2318740.451092896,1758556.6438537762,5275674.891920607,335879.1923187868,83174.87701548226,252704.31530330516,193383103.02872726,6811945.168025415,778720.7011160892,6033224.466909319,7787241.80043702,665644.1013029033,372825.9568442776,292818.1444586264,11890765.556593772,3553461.986068745,8337303.570525027,4616504.862937803,380297.998549351,7712800.235536023,753673.121946222,13463276.2189694
1862,65043835.70923591,4198657.644966819,2390098.0816851067,1808559.5632817,5541089.94518357,352872.401165717,87457.3479027546,265415.05326296296,199609923.5238189,7042529.168424983,815708.6733333261,6226820.495091647,8091486.99459854,691803.965788801,387558.7716272806,304245.1941615194,12285863.18034632,3680822.8745484687,8605040.30579783,4753914.905985982,399538.49769669044,7973878.134539156,783292.533728262,13910624.071950091
1863,66903802.51763991,4322567.5426778365,2462600.73427384,1859966.808404006,5819854.7884298805,370685.9092056919,91921.06595938018,278764.84324631095,206036506.95865282,7279999.152438002,853415.7176041186,6426583.434833914,8407604.073961724,718987.1719559863,402870.09259280184,316117.07936318405,12692239.776277516,3810807.610430141,8881432.165847415,4894211.438720376,419707.7776332562,8242752.663539404,814070.6204211802,14370742.500314217
1864,68816619.3246915,4448900.299411362,2536083.492359768,1912816.8070515916,6112640.573765422,389361.7052293911,96575.91989384966,292785.7853355417,212669213.72846836,7524518.234565596,891811.4647500338,6632706.769815534,8736055.103239382,747211.860842288,418760.8315646305,328451.0292776581,13109992.100048637,3943231.708568282,9166760.391480325,5037251.244804531,440853.38001516205,8519608.50833967,846027.9221493297,14843741.055308692
1865,70783768.3044087,4577630.866383754,2610481.886666556,1967148.979717195,6420152.162773523,408944.90570321976,101433.316695119,307511.58900810033,219514603.58869353,7776256.587866438,930866.7276412657,6845389.860225171,9077320.036703609,776502.5251408708,435237.5916766441,341264.93346422724,13539334.885094281,4078019.5226795846,9461315.362414693,5183005.962843924,463026.38779802964,8804638.346769065,879192.1706758048,15329862.868086824
1866,72806772.06614184,4708832.67044807,2685828.908714925,2023003.7617331445,6743129.816288833,429483.77242913994,106506.11891383008,322977.65351531,226579441.6971467,8035392.129081009,970554.0206278223,7064838.108453184,9431897.403283535,806891.4354741181,452314.0688941921,354577.36657992564,13980600.007432338,4215203.11715077,9765396.890281564,5331558.730126891,486281.44523226895,9098043.624412375,913599.9042958765,15829483.704067413
1867,74887194.69187701,4842667.811571662,2762245.185836501,2080422.6257351637,7082350.968531908,451029.71669663803,111808.56445356339,339221.15224307496,233870704.82574478,8302111.2093635015,1010848.0807654617,7291263.128598064,9800305.017298697,838419.0660535273,470011.45203836437,368407.614015162,14434227.803685328,4354913.28309389,10079314.520591464,5483093.0837541465,510676.7625641282,9400035.336688748,949296.9497888669,16343102.132795889
1868,77026642.79627389,4979372.025507167,2839923.921110285,2139448.1043968797,7438632.089780912,473637.2935500106,117356.17230100578,356281.12124900427,241395587.74555424,8576609.304725276,1051726.3849158105,7524882.919809461,10183080.715738926,871133.625860056,488357.9274198265,382775.6984402295,14900752.24964251,4497364.4057469275,10403387.843895575,5637875.934677499,536274.1095448489,9710834.810603801,986337.8915987953,16871322.746424943
1869,79226766.60970151,5119236.196580758,2919112.383153131,2200123.813427627,7812830.641959498,497364.1901880202,123165.63800943429,374198.5521785859,249161509.78904828,8859091.700260563,1093169.6567664999,7765922.043494046,10580783.123030158,905089.9005516579,507387.49326042715,397702.4072912317,15380781.987581,4642835.171189493,10737946.81639149,5796236.63562133,563138.8022962185,10030674.479461689,1024784.7605883807,17414834.67796762
1870,81489261.08451787,5262586.230353762,3000091.755537412,2262494.474816352,8205847.131732811,522271.21290345374,129254.7231301412,393016.4897733135,257176121.59344238,9149774.162271403,1135162.357877288,8014611.804394096,10993992.444254711,940347.6677935529,527138.3465689977,413209.3212245535,15874979.273322172,4791647.1831138395,11083332.090208316,5958544.191976633,591339.6885229322,10359798.643876135,1064705.2398024828,17974387.764178183
1871,83815867.0248254,5409762.985685423,3083157.045377885,2326605.940307528,8618627.265925646,548422.2772767035,135642.14308386884,412780.1341928346,265447312.0289963,9448883.59256752,1177693.157013637,8271190.435553908,11423311.287823675,976969.96354213,547651.1199731664,429318.84356896393,16384038.819071777,4944143.4654485565,11439895.353623236,6125184.539951793,620949.1364093111,10698464.212599095,1106170.701474332,18550768.59043453
1872,86208372.23992018,5561103.7474947525,3168598.5323999682,2392505.21509479,9052164.214310061,575884.4065015144,142347.45811709893,433536.94838441536,273983215.31616926,9756658.659450945,1220755.3722779527,8535903.287172973,11869365.518629527,1015021.4536644166,568967.222858567,446054.2308058515,16908668.26711163,5100668.585653586,11807999.68145803,6296539.569174312,652043.032723635,11046941.416950798,1149254.363297573,19144778.38214632
1873,88668612.72162977,5716926.425197169,3256685.9434875976,2460240.4817095846,9507500.985052636,604727.7426976595,149390.97195508535,455336.7707425747,282792218.33551794,10073350.400235107,1264347.380886435,8809003.019348681,12332805.142737247,1054567.1130127567,591127.4889050346,463439.62410772033,17449571.68114269,5261551.785234153,12188019.89590856,6472969.2314279545,684700.795626879,11405514.493019823,1194029.7928133567,19757214.312888015
1874,91198473.84571941,5877517.317993807,3347656.193904153,2529861.1240896434,9985732.918366816,635025.5758407052,156793.64252652327,478231.93331418,291882968.13420296,10399222.790548421,1308472.9918634084,9090749.798685014,12814305.224703424,1095671.3439493573,614171.2619831815,481500.0819661766,18007437.028332293,5427094.090277266,12580342.938055014,6654797.6879458865,719005.4074283347,11774482.326255007,1240569.90936295,20388855.330992177
1875,93799891.5975219,6043122.926420781,3441705.174618286,2601417.751802489,10488010.304181598,666854.3945120531,164577.00869727155,502277.38581478223,301264379.63296276,10734553.276185222,1353141.777425431,9381411.498759806,13314566.83864382,1138397.5901039562,638135.9761635604,500261.6139403954,18582928.187222015,5597559.936904549,12985368.250317473,6842304.038067007,755043.4720471615,12154159.053651746,1288946.5467662548,21040453.11053217
1876,96474853.82192187,6213945.9368961835,3538983.7124962364,2674962.224399969,11015541.129916534,700293.9620697552,172763.1363348192,527530.8257349357,310945643.5373713,11079633.263806526,1398369.3593979927,9681263.904408514,13834318.05420187,1182808.4295624874,663057.2140044374,519751.2155580502,19176681.592334952,5773173.422233486,13403508.17010147,7035717.772753831,792905.3012565162,12544874.619346157,1339230.558834338,21712728.25219084
1877,99225401.4978031,6390145.185794865,3639597.509913602,2750547.675881237,11569593.964743953,735427.4210954581,181374.58626803878,554052.8348274194,320936234.4571678,11434768.567434236,1444177.6476377267,9990590.919796526,14374314.958602518,1228966.0731642952,688969.1687636457,539996.9044006485,19789307.247488853,5954118.912583013,13835188.334905831,7235218.733916287,832685.032943227,12946975.280156517,1391492.383564646,22406371.43058068
1878,102053630.03703429,6571839.140541749,3743610.6013105805,2828228.539231181,12151500.987023074,772341.4281336425,190434.40585452126,581907.022279121,331245919.2373825,11800279.80832561,1490595.0281108997,10309684.780214667,14935342.716007791,1276933.1535864011,715905.3961811287,561027.7574052736,20421393.530587405,6140545.43145713,14280848.099130243,7440941.055867016,874480.7836658091,13360824.058339685,1445802.9365788056,23122048.834451318
1879,104961690.60804324,6759112.230715831,3851051.6597068873,2908060.5710089505,12762661.161908729,811126.3198569957,199966.14497134255,611160.1748856548,341884765.5049308,12176502.766542599,1537656.498994321,10638846.267548323,15518216.665423185,1326773.6716654974,743899.7222501022,582873.9494153932,21073514.988780923,6332574.025922653,14740940.962858321,7652980.333690932,918394.8367946057,13786801.13965421,1502234.682592275,23860410.992732022
1880,107951791.4839937,6952023.229709823,3961922.3537593475,2990100.8759504557,13404543.576468512,851876.3109153043,209993.8963555178,641882.4145597834,352863150.4342644,12563788.683236217,1585403.7539025822,10978384.929333627,16123783.458436448,1378553.9672061452,772987.1741928811,605566.7930132635,21746242.19106749,6530307.178210328,15215935.01285713,7871403.113348984,964533.8665254805,14225304.215620717,1560862.7346084071,24622103.93010359
1881,111026199.4155432,7150614.828854794,4076206.8973052986,3074407.9315495044,14078690.939988758,894689.7229049804,220542.35938473733,674147.363520246,364191769.7355846,12962504.5134155,1633885.212095271,11328619.301320195,16752922.23810258,1432343.5991710082,803204.819504881,629138.7796661314,22440152.66434628,6733839.288290188,15706313.376056077,8096257.731946098,1013009.1971297333,14676748.769718638,1621765.8505106524,25407781.549305122
1882,114187241.02812605,7354923.557307688,4193881.9447248415,3161041.6125828475,14786723.257511,939669.2431698894,231636.9256476496,708032.3175222408,375881646.86901015,13373033.129689028,1683155.9962634882,11689877.133425534,17406545.86032167,1488216.0498118657,834592.4275927707,653623.6222190913,23155841.979978472,6943267.294228749,16212574.685749713,8327585.549487871,1063937.0959804002,15141568.308071816,1685027.2303123479,26218118.183852434
1883,117437304.24365856,7564989.27389206,4314926.058359542,3250063.2155325115,15530341.685017064,986922.211543436,243303.78403736756,743618.427506065,387944142.4879797,13795773.478195544,1733277.859226052,12062495.61896956,18085602.15908818,1546249.2033520017,867192.9045854943,679056.2987665087,23893934.166983042,7158700.606208456,16735233.560774645,8565431.695982859,1117439.098214941,15620214.53600039,1750735.058143118,27053820.388341308
1884,120778839.72652659,7780863.579297699,4439328.0964296665,3341535.4828680307,16311332.575074645,1036560.9326911189,255570.04263353793,780990.8900575805,400390964.11502284,14231140.688610446,1784319.0615673047,12446821.627043128,18791075.257022586,1606525.5866942743,901052.4887598684,705473.0979344063,24655090.78729354,7380269.689390378,17274821.097903147,8809854.596125113,1173642.3603839662,16113157.482575234,1818982.7747897129,27915637.213874027
1885,124214362.353661,8002616.653888917,4567094.026754513,3435522.6271344125,17131571.722164094,1088703.0114179668,268463.864328519,820239.1470894497,413234176.0528873,14679566.14077482,1836354.2029103637,12843211.937864482,19523986.922627438,1669132.3924680306,936220.726863178,732911.6656048521,25440018.198549736,7608132.820856573,17831885.3776932,9060933.71137785,1232680.0401018646,16620885.576058447,1889869.1037907954,28804368.43132896
1886,127746452.70846267,8230342.2021976495,4698251.847395965,3532090.3548016697,17993028.817334596,1143471.7081739407,282014.61300344113,861457.0951705016,426486209.5338194,15141497.49106143,1889464.0101293242,13252033.480932057,20285397.97574113,1734161.3299646291,972750.2768509362,761411.0531136915,26249472.73139765,7842480.747379666,18406991.98401792,9318775.138357846,1294691.698566509,17143905.67375615,1963497.882659227,29720870.39333973
1887,131377758.59828074,8464160.364500513,4832854.4746824475,3631305.8898180723,18897772.12228219,1200996.312010813,296253.0070632186,904743.3049475923,440159873.1096103,15617398.662143834,1943735.0863529528,13673663.575790942,21076409.742693126,1801708.365075912,1010696.5981239185,791011.7669519968,27084263.70373107,8083539.166222537,19000724.537508603,9583514.905458009,1359823.72283833,17682743.050434593,2039977.7684283424,30666059.447159275
1888,135110996.59508955,8704218.624759844,4970980.627951025,3733237.996808812,19847973.373404652,1261412.5284040612,311211.27728159813,950201.2511224635,454268363.2847921,16107749.80027287,1999259.6250909897,14108490.175181806,21898165.562693294,1871873.4157307919,1050117.5957306235,821755.8200001679,27945254.36916757,8331569.126054237,19613685.24311325,9855320.00086033,1428229.7649502505,18237941.349946637,2119421.892811132,31640913.00856835
1889,138948953.59895277,8950690.891048782,5112733.88718557,3837957.0038632154,20845912.92686987,1324862.8796338101,326923.3261685959,997939.5534652174,468825275.3951285,16613047.204552889,2056135.0942165386,14556912.110336363,22751852.34701664,1944760.0653905147,1091073.2810671697,853686.7843233459,28833361.040625997,8586865.588637874,20246495.451988142,10134387.331350522,1500071.1952375567,18810062.505154993,2201947.5378062893,32646468.56954936
1890,142894488.42379084,9203775.040817942,5258240.215979885,3945534.824838072,21893985.156234898,1391497.11579494,343424.88642990735,1048072.2293650284,483844614.7332664,17133803.23299605,2114463.8948581717,15019339.338137925,23638702.192571975,2020475.3458390466,1133625.5002837093,886849.8455553353,29749550.73544798,8849754.497551674,20899796.23789636,10420940.942955097,1575517.567702604,19399686.631562557,2287675.8897634135,33683821.03198367
1891,146950533.4049042,9463689.303832097,5407644.3227187535,4056044.9811133444,22994704.114672564,1461472.6349538565,360753.67651619035,1100718.9584376663,499340807.92312485,17670546.19034808,2174353.000489612,15496193.189858437,24559994.051467966,2099129.6243702066,1177837.765474213,921291.858895991,30694837.753504243,9120588.765198769,21574248.98830544,10715227.92553453,1654747.0957357977,20007411.900303535,2376731.9116510493,34754118.833224915
1892,151120096.02762678,9730667.898431486,5561105.275708893,4169562.622722596,24150709.474403523,1534954.9114651354,378949.5517341748,1156005.359730959,515328714.5442624,18223820.20279008,2235913.581652543,15987906.62113756,25517055.458214223,2180836.6123321718,1223775.2055859147,957061.4067462571,31670279.625018876,9399743.614681527,22270536.01033737,11017513.47195594,1737947.1370755609,20633854.396275003,2469244.352731173,35858559.35803768
1893,155406260.57640508,10004956.34324233,5718791.794464037,4286164.5487782955,25364772.75649123,1612117.9319750718,398054.6498873661,1214063.282087706,531823639.0071137,18794185.08465845,2299260.6218071613,16494924.462851286,26511264.31621715,2265713.494468355,1271504.6364654296,994208.8580029272,32676972.854344208,9687611.702623995,22989361.151720215,11328075.569794305,1825314.687471775,21279647.967231035,2565345.895004931,36998384.119502045
1894,159812189.8035178,10286806.840441868,5880877.613329142,4405929.2271127105,26639803.86473935,1693144.639157768,418113.53090964846,1275031.108248122,548841342.679579,19382216.202245098,2364512.529779723,17017703.672465324,27544050.74524881,2353881.1637403476,1321094.734708692,1032786.4290316589,33716048.84558508,9984598.408727206,23731450.436857816,11647199.774051027,1917056.883104357,21945444.06957099,2665173.4190900675,38174874.14581644
1895,164341126.6165567,10576474.074029217,6047537.26099029,4528936.813038915,27978857.9380335,1778227.3837254401,439173.31043129123,1339054.0732941478,566398056.265038,19988504.339626092,2431790.754167154,17556713.585458994,28616898.991584897,2445464.5358011764,1372616.2894650847,1072848.2463360876,34788670.333181925,10291117.61505382,24497552.718128145,11975174.449761342,2013391.51237029,22631911.61642447,2768868.360282129,39389345.938838236
1896,168996395.78370094,10874211.694473837,6218942.527329592,4655269.167144239,29385142.536092162,1867568.3857167927,461283.78765812604,1406284.5980586633,584510492.4313779,20613655.571212705,2501219.40487271,18112436.166339874,29731349.40252108,2540592.911697079,1426142.500760899,1114450.4109361842,35896028.56310041,10607588.220621325,25288440.34247896,12312286.791750267,2114547.5381757165,23339736.83334772,2876577.1192222363,40643148.282495946
1897,173781405.655713,11180269.677319523,6395259.805307512,4785009.872012049,30862025.174237963,1961380.2064844521,484497.56833865464,1476882.6381458007,603195858.6901361,21258291.145447247,2572924.886689179,18685366.258758187,30889000.46698816,2639400.356679823,1481749.2922127421,1157651.06446708,37039341.38593104,10934431.552548088,26104909.833383117,12658819.833921561,2220765.632341997,24069623.12663864,2988451.490805959,41937660.08370816
1898,178699649.90347958,11494892.655548844,6576648.4077822305,4918244.247766584,32413041.223465882,2059886.2331598678,508870.1839319493,1551016.0492279194,622471870.5242901,21923047.383676577,2647035.5495225843,19276011.83415401,32091510.923992462,2742026.0665422413,1539515.6095379358,1202510.4570043012,38219852.33892753,11272069.7507747,26947782.588152815,13015050.561083384,2332298.724139343,24822290.968836706,3104649.0789654,43274289.33302484
1899,183754709.26981375,11818319.2407895,6763259.87445533,5055059.36633417,34041902.192773946,2163321.1776741836,534460.2083661192,1628860.9693080634,642356764.762649,22608575.597831618,2723681.359472638,19884894.238358974,33340601.94061115,2848614.699554194,1599523.6829355112,1249091.0166186877,39438830.7158495,11620925.125229599,27817905.590619896,13381249.140386662,2449412.5653013857,25598477.80551587,3225333.6725024846,44654473.1837064
1900,188950253.33410862,12150782.27272687,6955238.208432034,5195544.064294875,35752504.41143168,2271931.592647764,561329.3739900283,1710602.218657732,662869313.1981514,23315542.030061178,2802993.5945587414,20512548.43550229,34638059.36127021,2959316.660535115,1661859.239876049,1297457.4206590615,40697572.55597092,11981420.416856851,28716152.13911396,13757679.203721546,2572386.3141392255,26398937.98693521,3350675.56672907,46079679.07152505
1901,194290042.28831843,12492509.87397608,7152720.919766234,5339788.954209805,37548938.129591264,2385976.4066301,589542.6884705168,1796433.7181595862,684028836.4466877,24044627.8169551,2885104.5684188427,21159523.24853635,35985736.03002486,3074288.3324975595,1726611.6637429157,1347676.6687546447,41997402.430058844,12353979.840398509,29643422.589660384,14144599.042092482,2701513.141564878,27224442.727530684,3480851.8257445195,47551406.73693256
1902,199777928.7226052,12843727.142113449,7355840.707826651,5487886.434286773,39435497.05639952,2505727.4812836098,619168.5544753567,1886558.926808253,705855218.0423155,24796528.98044364,2970147.384815901,21826381.595627785,37385554.18754977,3193692.259429898,1793874.1019049864,1399818.1575249135,43339675.863270596,12739030.749022895,30600645.114247724,14542263.521414684,2837100.861960609,28075780.095611006,3616046.489390736,49071190.96837704
1903,205417859.4188527,13204658.28302195,7564727.586774489,5639930.696247488,41416688.35553874,2631470.193152217,650278.894012996,1981191.299139224,728368918.7639375,25571956.446900725,3058255.7252786374,22513700.72162199,38839507.94452788,3317697.290226493,1863743.5332483812,1453953.7569781095,44725782.21330139,13137005.739314504,31588776.473986812,14950926.497986808,2979472.591884304,28953755.034987234,3756450.7362165907,50640604.86107494
1904,211213877.15010953,13575528.980038792,7779511.248781946,5796017.731256843,43497243.11891707,2763504.042657241,682949.2792789139,2080554.7633783296,751590991.1876528,26371636.095400646,3149563.6716853566,23222072.423715353,40349665.83309862,3446478.697956599,1936320.809385865,1510157.8885707408,46157147.81605328,13548345.00913208,32608802.806921266,15370843.50094972,3128967.4396028547,29859189.419611238,3902263.0185197,52261263.37868351
1905,217170122.4838638,13956568.800179588,8000323.466425348,5956245.333754271,45682127.340038545,2902143.2929133135,717259.0717918342,2184884.221121475,775543094.4580743,27196308.83550561,3244205.5650841445,23952103.270421505,41918173.43799431,3580218.290402897,2011710.685507207,1568507.6048956886,47635239.219001405,13973498.788808534,33661740.43019294,15802274.456725078,3285941.2283891686,30792922.14165037,4053689.1875032806,53934827.01426789
1906,223290835.5868978,14348013.459517702,8227300.3564837,6120713.10303399,47976553.40940909,3047717.640868411,753291.5714978671,2294426.0693705454,800247509.2709043,28046730.714365296,3342315.9015352754,24704414.81282997,43547256.108950615,3719104.5272391583,2090021.8562828426,1629082.6709563062,49161566.34199057,14412929.685799686,34748636.65619081,16245486.253982905,3450767.2564180377,31755809.23275056,4210942.625950134,55663005.369101636
1907,229580358.02930132,14750106.801348729,8460584.358945185,6289522.442403525,50385992.15517989,3200572.923155525,791134.1773847232,2409438.745770797,825727153.0580189,28923673.05238996,3444029.2652752725,25479643.78711462,45239221.75592502,3863332.6567836977,2171367.009809294,1691965.6469744071,50737685.43367791,14867114.811414473,35870570.62226335,16700754.983411152,3623837.095964136,32748724.017651677,4374244.403061252,57447560.500088215
1908,236043134.5850457,15163102.379479678,8700325.823735323,6462776.55574438,52916185.45308466,3361071.8588937814,830878.560989008,2530193.2979047745,852005595.3651731,29827922.60619218,3549480.2990381,26278442.30715418,46996463.72859667,4013104.881555755,2255862.908884105,1757241.9726716504,52365201.726121396,15336547.592646535,37028654.13347498,17168367.73038913,3805561.434435894,33772557.29867774,4543823.461906426,59290309.92540919
1909,242683715.02634084,15587264.581091933,8946684.139796777,6640580.441295147,55573159.43059849,3529594.8315188275,872620.8540050026,2656973.9775138274,879107073.4112463,30760281.75701253,3658803.71093928,27101478.0460732,48821463.78154792,4168630.5575412135,2343630.504589976,1825000.0529512465,54045771.72716451,15821739.209331036,38224032.51783342,17648623.846345033,3996370.9596001217,34828217.56908122,4719916.845042135,61193129.22006851
1910,249506755.90879926,16022869.265587362,9199828.38312895,6823040.882458419,58363238.291124836,3706540.711547143,916461.8510207938,2790078.8605263457,907056507.816645,31721568.722333565,3772134.3169348426,27949434.405398726,50716795.12644444,4330126.427792453,2434795.08289593,1895331.3448965177,55781105.12726052,16323219.633980516,39457885.49328001,18141835.67208714,4196717.291153921,35916631.25264217,4902769.959004137,63157954.17488737
1911,256517022.3442356,16470203.934556058,9459937.499119714,7010266.435436338,61293058.78490281,3892327.722002184,962507.2282242111,2929820.4937779754,935879518.487135,32712617.788005386,3889607.1175154224,28823010.670490026,52685125.57243205,4497816.887276381,2529486.441288771,1968330.445987612,57572966.33184001,16841538.286148116,40731428.04569195,18648328.73024916,4407073.960600299,37038742.9664916,5092636.874180686,65186782.53152175
1912,263719389.75771782,16929567.48095439,9727200.067472158,7202367.413482219,64369585.35421723,4087394.3480579616,1010867.7787435406,3076526.56931442,965602440.6379052,33734279.55775939,4011357.406989128,29722922.150770187,54729220.75585839,4671934.273141091,2627839.089714736,2044095.183426343,59423175.65991283,17377264.342919562,42045911.31699317,19168441.441297997,4627937.441188815,38195515.8036225,5289780.653465909,67281675.33957522
1913,271118845.6252666,17401269.591015946,10001813.723467179,7399455.867548794,67600125.98138434,4292200.292289126,1061659.6651220163,3230540.6271671057,996252340.9411397,34787421.21668063,4137520.91344628,30649900.303234458,56851947.460300736,4852719.172983558,2729992.468541221,2122726.7044423446,61333610.27296926,17930986.770576697,43402623.5023927,19702524.446349576,4859828.229494029,39387931.631205425,5494473.701294789,69444758.00834382
1914,278720491.1883753,17885629.88931295,10283984.326204255,7601645.563108683,70992348.76886897,4507227.476760954,1115004.6892763318,3392222.787484631,1027857033.7787157,35872926.80486383,4268233.967287679,31604692.83757603,59056277.027737014,5040420.743300706,2836091.1758644367,2204329.567436278,63306204.91423844,18503314.158632703,44802890.75560562,20250939.63916774,5103291.980028254,40616991.40043459,5706998.124208227,71678221.14383881
1915,286529543.14127946,18382976.925483383,10573924.972579224,7809051.952904165,74554299.28176758,4732981.09306041,1171030.580161808,3561950.512898609,1060445097.5799272,36991697.497245155,4403633.696033662,32588063.801211476,61345288.86153707,5235297.030957482,2946285.1971574193,2289011.833800055,65342952.54674643,19094874.445932113,46248078.100814305,20814059.0188897,5358900.6941354275,41883715.463366345,5927646.094834105,73984321.27122557
1916,294551335.28666526,18893647.10091157,10871854.955525741,8021792.145385802,78294418.68374924,4969990.701245338,1229871.2992636636,3740119.4019816667,1094045891.222297,38144651.8853845,4543858.243014791,33600793.64236975,63722174.02177107,5437615.291961103,3060730.131727098,2376885.1602340043,67445904.97950251,19706314.629531294,47739590.34997122,21392263.474764004,5627253.964272348,43189143.89196615,6156720.212818278,76365381.54382078
1917,302791320.15524447,19417983.62605443,11177998.75747524,8239984.868579209,82221562.69838697,5218811.378595915,1291667.363958194,3927144.0146377236,1128689570.4715793,39332726.25675514,4689047.007472872,34643679.24928236,66190238.913129285,5647652.303774507,3179587.412416302,2468064.8913582116,69617173.56517999,20338300.541322608,49278873.023857504,21985941.60558699,5908980.274678346,44534336.79433327,6394533.858440339,78823792.53303894
1918,311255070.58435994,19956335.585630998,11492585.156515468,8463750.429115474,86345021.42862213,5480024.9189747935,1356566.188739621,4123458.7302351594,1164407104.4350328,40556874.86702681,4839340.903573153,35717533.96345353,68752909.06552531,5865694.669514532,3303024.5171185113,2562670.1523960233,71858930.04114714,20991516.76594675,50867413.27520019,22595488.661266983,6204738.359346461,45920374.622992314,6641411.537040911,81362013.18064666
1919,319948281.2505126,20509057.171210255,11815846.505057605,8693210.666152656,90674540.06787506,5754241.083542653,1424722.4442897164,4329518.639252931,1201230291.9998472,41818070.2006536,4994882.635839351,36823187.56481433,71413733.00720622,6092039.114352356,3431215.1726714377,2660823.941680908,74173407.56975886,21666666.75785811,52506740.811900824,23221305.673924655,6515218.618141592,47348358.469942935,6897689.214619968,83982571.97662914
1920,328876770.15041137,21076507.12067411,12148018.220775379,8928488.899898767,95220340.53704517,6042098.903546332,1496298.434376229,4545800.469170108,1239191778.2263587,43117303.21508049,5155816.988569031,37961486.22651148,74176386.22992016,6326992.776037187,3564339.553323256,2762653.2227139473,76562902.01533812,22364473.197043896,54198428.8182943,23863798.82322703,6841144.591877641,48819410.34316179,7163714.646781236,86688068.4050477
1921,338046480.02485716,21659048.383381303,12489338.508935522,9169709.874445796,99993144.08230951,6344268.03586612,1571464.490601775,4772803.545264348,1278325070.6632535,44455583.5637637,5322291.126868711,39133292.43689489,77044675.24538937,6570873.492539786,3702584.4770705597,2868289.0154692084,79029773.47555092,23085678.603476565,55944094.87207425,24523379.057270497,7183274.497131024,50334673.41911651,7439847.704415519,89481174.67793354
1922,347463479.7194673,22257048.010220658,12840048.315610485,9416999.694610119,105004194.86923322,6661450.172008547,1650399.3850848589,5011050.7869237065,1318664555.549477,45833939.79327403,5494454.907050595,40339484.886223555,80022541.7320058,6824010.090302963,3846143.603686528,2977866.4866164327,81576448.0658062,23831046.211432464,57745401.85437381,25200461.968094043,7542402.821567648,51895312.26593527,7726460.700071289,92364637.75566825
1923,357133965.4759322,22870877.25046154,13200391.493996723,9670485.756464899,110265284.60922512,6994380.501227507,1733290.7612355978,5261089.739991903,1360245513.8648655,47253419.50965405,5672461.194265574,41580958.31538844,83114066.77030466,7086742.676512498,3995217.6382136387,3091525.03829886,84205419.93785559,24601361.08771153,59604058.8501441,25895467.901337795,7919361.980556508,53502513.0317641,8023938.718877376,95341281.63253579
1924,367064262.14717853,23500911.82340869,13570615.152162312,9930296.67124635,115788778.25479421,7343829.228456994,1820335.5828879077,5523493.645569086,1403104137.188795,48715089.50932384,5856466.185394082,42858623.32392955,86323475.16537148,7359422.938244337,4150014.5431775255,3209408.3950668126,86919253.49943388,25397431.46362183,61521822.0358118,26608822.263823245,8315024.035843517,55157483.59298442,8332679.957251288,98414009.84990248
1925,377260824.3294755,24147532.32295137,13950970.140654374,10196562.182296991,121587640.8003798,7710603.147748155,1911740.6021625653,5798862.545585588,1447277543.323174,50220035.86975474,6046629.735376142,44173406.13437891,89655139.85390659,7642414.450459744,4310749.761924645,3331664.688535109,89720585.79091401,26220090.24011773,63500495.5507966,27340955.981602546,8730302.477069922,56861453.6568781,8653096.071625616,101585808.18717618
1926,387730237.4041894,24811124.707482472,14341711.632768517,10469413.074713886,127675465.22570789,8095547.271886605,2007722.8465584808,6087824.425328091,1492803791.6331155,51769363.99527868,6243115.685337178,45526248.30994153,93113586.39319935,7936092.993747102,4477646.454454327,3458446.5392927676,92612128.96839486,27070196.619118504,65541932.349276274,28092306.054667655,9166154.066900594,58615674.81349488,8985612.538210034,104859747.47327316
1927,398479218.4815385,25492080.826183233,14743099.74883428,10748981.077349067,134066501.61866371,8499546.518853711,2108510.1258979086,6391036.392955825,1539721898.0553997,53364198.61332247,6446092.191038238,46918106.42228413,96703497.52874853,8240846.881612744,4650935.746063569,3589911.1355491728,95596672.83997217,27948637.811833993,67648035.02813819,28863316.152834278,9623580.750513712,60421420.53138866,9330669.023565155,108238986.45830181
1928,409514617.23834807,26190798.935016904,15155400.17820725,11035398.756809592,140775687.51453483,8923527.45575278,2214341.559881676,6709185.895871118,1588071849.7215593,55005683.71652063,6655732.050361084,48349951.66615963,100429717.83671026,8557077.296146763,4830856.988185035,3726220.307961732,98677087.40343708,28856330.776635043,69820756.62680207,29654437.19997385,10103631.63015487,62279986.09207499,9688719.764658926,111726774.68686265
1929,420843416.64144605,26907684.16125648,15578884.758158565,11328799.403097987,147818679.488146,9368460.100749956,2325468.1271387697,7042991.973611176,1637894619.1389294,56694982.44608181,6872213.028711664,49822769.41737008,104297258.43675204,8885198.630117266,5017658.0300755,3867540.600041777,101856325.33820552,29794223.944084495,72062101.39412102,30466127.89997337,10607405.005378122,64192688.45797306,10060233.956201615,115326455.31952617
1930,432472733.54796493,27643148.88324226,16013831.976723362,11629316.906518877,155211886.03485766,9835359.783488957,2442153.236777299,7393206.5467116535,1689232177.8694534,58433276.91192274,7095718.181398712,51337558.73052406,108311301.77023594,9225638.833043844,5211595.499559924,4014043.3334839046,105137424.4116978,30763298.894459296,74374125.5172385,31298855.166714516,11136050.479493838,66160866.0687531,10445696.142486235,119041467.85744768
1931,444409819.1734485,28397613.001426097,16460527.375942478,11937085.625483572,162972501.77559915,10325289.06429952,2564673.3235580567,7760615.740741491,1742127509.6422641,60221767.94501603,7326436.172205163,52895331.7728107,112477206.4379528,9578839.758585552,5412935.090868695,4165904.667716861,108523509.76932721,31764571.962574393,76758937.80675262,32153094.43096252,11690771.132585507,68185878.56093301,10845606.610717338,122875350.73519838
1932,456662059.4182813,29171504.0867582,16919263.841925398,12252240.244832814,171118543.02001938,10839359.712335551,2693318.4679152723,8146041.24442023,1796624622.8322353,62061674.77749596,7564561.587524699,54497113.18997121,116800512.09086752,9945257.510611271,5621951.857696552,4323305.652914718,112017796.08720097,32799095.75506192,79218700.33213897,33029329.808376584,12272825.761249492,70269106.4056793,11260481.782847907,126831743.75815329
1933,469236975.0425738,29965257.40224822,17390341.77795569,12574915.624292493,179668884.7204445,11378734.742563864,2828393.0421387968,8550341.700425118,1852768562.232666,63954234.64600579,7810295.24557543,56143939.40043068,121286944.36652179,10325362.785560854,5838930.509906593,4486432.275654271,115623589.57637873,33867960.57557651,81755629.00080256,33928054.12392235,12883531.184968144,72411950.45969859,11690854.603216548,130914390.37180562
1934,482142221.6792561,30779315.802427378,17874069.1657452,12905246.636682272,188643298.84756896,11944630.511232505,2970216.384108054,8974414.127124459,1910605420.0461652,65900702.3138309,8063844.500331501,57836857.81349921,125942419.86285833,10719641.209064584,6064165.712728042,4655475.496336535,119344289.83655538,34972295.762912795,84371994.07364248,34849768.798038244,13524264.618696224,74615831.42417447,12137274.919683633,135127139.76059258
1935,495385589.6747417,31614129.522846885,18370761.52736124,13243367.995485604,198062494.21665946,12538318.869118106,3119123.5000275783,9419195.369090497,1970182346.0135126,67902349.5072743,8325423.539926977,59576925.96734738,130773051.14029542,11128593.66521062,6297962.387773519,4830631.277437091,123183391.5644499,36113270.955089316,87070120.60936058,35794983.60829584,14196466.11086742,76882189.20660587,12600309.856443183,139473948.78221232
1936,508975003.7461389,32470155.877322167,18880741.805924963,13589414.071397185,207948157.7904569,13161129.371456157,3275465.797658715,9885663.573797435,2031547556.5959375,69960464.26180932,8595253.679384656,61365210.58242488,135785151.74186787,11552736.617229244,6540636.01565681,5012100.601572454,127144486.12781689,37292097.29862514,89852388.82919195,36764216.34660572,14901641.045579888,79212482.18049063,13080544.177116444,143958883.7497927
1937,522918522.44360083,33347858.884169497,19404340.186707497,13943518.697461963,218322997.4818711,13814451.542984197,3439611.85156999,10374839.691414207,2094750343.1217241,72076350.17339481,8873563.647608005,63202786.52578664,140985241.22017676,11992602.418673407,6792512.940364504,5200089.478308886,131231263.01922192,38510028.62625,92721234.3929717,37757992.39602525,15641362.707183193,81608186.33763,13578580.637084927,148586122.0779234
1938,537224337.4060216,34247708.84413511,19941893.881714415,14305814.962420762,229210786.47594035,14499737.196011208,3611948.201941966,10887788.994069248,2159841078.8034997,74251325.55041763,9160589.868642027,65090735.68177557,146380050.1587398,12448739.614348039,7053930.67578499,5394808.938563049,135447511.204912,39768362.6280834,95679148.57682863,38776844.25287037,16417274.904903995,84070794.32791851,14095040.32421653,153359953.8099094
1939,551900772.3979119,35170181.89227287,20493746.900382552,14676434.991890311,240636409.08628634,15218502.798806606,3792880.188460602,11425622.61034599,2226871224.5278263,76486722.46159326,9456576.737266518,67030145.72432661,151976525.1741087,12921713.230274541,7325238.214905642,5596475.015368909,139797120.38294727,41068442.04101532,98728678.34193182,39821311.019330695,17231094.654445887,86601814.38133295,14630562.98717679,158284783.04228634
1940,566956282.1149079,36115759.54387642,21060249.826880425,15055509.716995955,252625908.15640163,15972331.890933491,3982832.820818206,11989499.070115298,2295893333.313982,78783885.67517944,9761776.889024168,69022108.7861557,157781833.88381946,13412105.051866578,7606796.342155831,5805308.709710747,144284082.16185594,42411655.87887862,101872426.2829777,40891937.88935283,18084614.912741724,89202769.10686077,15185807.350392412,163365129.25934774
1941,582399450.7450138,37084928.251165904,21641759.62105987,15443168.630105972,265206534.01047453,16762877.541386176,4182251.6873132633,12580625.854072899,2366961053.3339243,81144171.48476048,10076451.46481768,71067720.01994228,163803369.82385695,13920513.889255224,7898977.949217724,6021535.940037489,148912491.1665678,43799440.72240853,105113050.44415864,41989275.646700524,18979707.361170944,91875194.16299874,15761451.414464701,168605628.5853349
1942,598238990.27232,38078178.983070046,22238639.455763996,15839539.5273062,278406794.95201117,17591864.844538853,4391603.903002205,13200260.941536635,2440129129.3805685,83568946.41686952,10400870.370225517,73168076.04664421,170048757.29785076,14447555.82837469,8202168.354380907,6245387.473993808,153686546.0728531,45233282.08337262,108453263.98948085,43113880.18916445,19918325.231588375,94620636.79446277,16358192.740460472,174011034.95567608
1943,614483738.5096017,39096006.835667446,22851258.598385625,16244748.23728168,292256509.3012053,18461093.44800132,4611379.098807259,13849714.34919411,2515453402.666511,86059585.81563671,10735312.529694073,75324273.28594255,176525856.1386692,14993864.46603435,8516765.625215871,6477098.840818435,158610550.56533983,46714715.85210283,111895834.71323678,44266312.08748579,20902506.168479756,97440654.22966114,16976748.7160715,179586221.20169818
1944,631142656.8458835,40138910.67598664,23479992.339704935,16658918.336281776,306786858.9537018,19372440.10542446,4842090.452927934,14530349.652496517,2592990808.8304296,88617472.29967944,11080066.135760827,77537406.1639185,183242766.3614407,15560091.126797376,8843180.904025918,6716910.222771496,163688914.20788792,48245329.83241962,115443584.37546828,45447136.182050094,21934375.119366463,100336811.93351386,17617856.801174566,185336180.03610498
1945,648224827.694746,41207392.81734299,24125221.96848051,17082170.84886253,322030444.4340668,20327861.246203475,5084275.765838557,15243585.480364978,2672799374.0233393,91243994.08636566,11435428.893455839,79808565.19290972,190207832.68530956,16146905.059107361,9181838.73523848,6965066.323868871,168926153.20901948,49826765.36301338,119099387.8460061,46656921.21528871,23016147.244342703,103310681.71010605,18282274.74989511,191266024.91963255
1946,665739451.6288768,42301958.72046309,24787334.786332343,17514623.934130788,338021341.40677667,21329395.552793123,5338498.580083165,15990896.972709894,2754938208.9420466,93940543.1787132,11801708.26000591,82138834.91870737,197429648.89941725,16754993.607749475,9533177.393641768,7221816.214107692,174326891.05971888,51460719.02006319,122866172.03965575,47896239.49327795,24150130.834231343,106363839.64981115,18970780.805875763,197380990.7831962
1947,683695844.1861012,43423116.711574286,25466724.154349767,17956392.557224393,354795158.5957838,22379166.535008058,5605349.34600087,16773817.189007163,2839467500.6721416,96708513.41004643,12179221.679951562,84529291.73009491,204917062.0467013,17385062.3594608,9897649.212176755,7487413.147284061,179895859.0160896,53148944.39247895,126746914.62361053,49165666.56654698,25338730.225326154,109497863.91536054,19684173.867143117,203686434.5743768
1948,702103432.3319141,44571377.706532344,26163789.560719553,18407588.14581287,372389097.0506269,23479385.089274276,5885446.634431206,17593938.454843044,2926448502.1981697,99549298.3417811,12568296.815753307,86981001.52602816,212679176.39711106,18037835.258271392,10275720.907861663,7762114.350409746,185637896.39585912,54893253.91876573,130744642.47709382,50465780.917722315,26584448.69709497,112714332.36161809,20423273.61670221,210187835.59313756
1949,720971750.5633229,45747254.92894985,26878936.69754104,18868318.231408834,390842010.6824635,24632352.02919553,6179438.397358928,18452913.631836653,3015943519.433849,102464289.00961822,12969271.773938254,89495017.23567915,220725357.17976037,18714054.687002312,10667873.90435298,8046180.782649308,191557950.6547659,56695520.7731912,134862429.88157395,51797163.64237981,27889891.33740436,116014819.9837163,21188920.6148124,216890795.57831287
1950,740310436.6386703,46951263.61018273,27612577.534835253,19338686.075347424,410194467.97725785,25840460.57215518,6488003.277360801,19352457.29479432,3108015895.620721,105454871.51367477,13382495.326802967,92072376.186872,229065234.0413752,19414481.51123511,11074604.6496203,8339876.861614823,197661077.2072478,58557680.788619325,139103396.41862857,53160398.10935545,29257767.85796556,119400896.18849045,21981976.34877164,223801038.5045831
1951,760129226.9179671,48183920.659763634,28365130.38046682,19818790.279296756,430488814.7754899,27106198.76484474,6811851.966612699,20294346.79823208,3202729992.9392323,108522424.44816928,13808327.129658189,94714097.31851149,237708704.19614166,20139895.081982248,11496424.927215789,8643470.15476647,203952438.9547599,60481734.40395349,143470704.5508068,54556069.587594695,30690895.340630367,122874121.88424964,22803323.235940047,230924410.04841477
1952,780437951.2982078,49445744.29635367,29137019.916113064,20308724.38024068,451769237.9880525,28432151.82866445,7151728.616101967,21280423.21256256,3300151171.1721635,111668316.16649477,14247137.933563367,97421178.23293114,246665935.22973678,20891093.193228398,11933862.159633258,8957231.033595115,210437305.4847413,62469748.62541165,147967556.8593295,55984764.82829899,32192200.892962467,126436046.38416527,23653864.57566621,238266876.68109295
1953,801246527.7281075,50737253.63125273,29928677.201353002,20808576.429899693,474081830.0963538,29821004.40386763,7508412.295566248,22312592.10830134,3400345763.256458,114893901.87776129,14699309.793467386,100194592.08429432,255947367.5179176,21668891.990439616,12387459.702258801,9281432.288180828,217121051.90332127,64523858.99264544,152597192.91067618,57447071.5933568,33764724.18916172,130088204.11884204,24534524.44569703,245834524.3470576
1954,822564956.2867265,52058968.19881322,30740539.64019421,21318428.558619022,497474654.26090086,31275542.66909045,7882718.504543372,23392824.164547026,3503381047.556035,118200520.57121466,15165236.271637466,103035284.29957724,265563716.2175745,22474125.82605679,12857777.126399897,9616348.699656904,224009157.2651751,66646271.54277495,157362885.7224002,58943578.12365627,35411619.86989408,133832111.15400212,25446247.538560677,253633556.68611318
1955,844403312.8105434,53411407.43052458,31573050.906707607,21838356.523816943,521997809.83666086,32798656.310525943,8275500.734765932,24523155.575760007,3609325216.685001,121589491.76518969,15645322.636223784,105944169.12896585,275525972.78562385,23307647.057880342,13345390.489831023,9962256.568049341,231107202.56412056,68839264.76752836,162267937.79659215,60474872.54361932,37136159.77188173,137669261.5094992,26389998.933288433,261670292.75828865
1956,866771742.0536762,54795090.07183938,32426660.8287066,22368429.24313283,547703498.0651792,34393340.31248238,8687652.083964042,25705688.228518367,3718247342.7080626,125062112.07784049,16139986.054778688,108922126.02306175,285845405.97852755,24170325.78611095,13850892.5932072,10319433.192903697,238420868.2482732,71105191.56065653,167315676.68761665,62041542.20090509,38941734.95525632,141601123.27654043,27366763.79767997,269951164.2303818
1957,889680450.3661823,56210533.542937525,33301825.23043152,22908708.31250608,574646087.6826249,36062696.53839684,9120106.920951158,26942589.617445707,3830217338.5426903,128619651.61714311,16649655.782515379,111969995.83462763,296533562.28260666,25063049.524649195,14374893.22057008,10688156.304079115,245955931.22312668,73446481.15446813,172509450.06865853,63644172.9426376,40831857.493655846,145629134.5302798,28377547.0161336,278482711.98270684
1958,913139697.8756536,57658253.24632447,34199005.73685307,23459247.509471297,602882180.1494997,37809935.06852729,9573842.601652559,28236092.46687472,3945305915.3860474,132263350.18842195,17174773.345064573,115088576.84335709,307602265.72266173,25986722.80206569,14918019.362010613,11068703.440055072,253718261.30533943,75865641.0455808,177852620.25975817,65283348.331436224,42810161.988821656,149754699.03580385,29423372.737846117,287271582.09390783
1959,937159790.1576968,59138761.82546348,35118669.54342029,24020092.28204322,632470674.1716025,39638375.25759842,10049881.235495536,29588494.022102833,4063584535.988657,135994413.3180663,17715792.715457033,118278620.60260963,319063616.9937457,26942266.68744615,15480915.416362204,11461351.271083951,261713817.08857435,78365258.91073507,183348558.17783964,66959648.80600485,44880406.76811416,153979181.74599898,30505283.839952618,296324521.1600706
1960,961751069.3813554,60652568.37945789,36061289.15579935,24591279.22365856,663472829.1428274,41551446.47253183,10549291.501306938,31002154.971224904,4185125363.5965815,139814008.09295988,18273180.485035572,121540827.60792446,330929991.85828066,27930618.236125488,16064243.371590571,11866374.864534974,269948641.1810751,80948004.51373243,189000636.6673429,68673650.79195866,47046474.71980506,158303904.09076074,31624341.299960922,305648370.9024854
1961,986923904.9160613,62200177.63909793,37027342.104392074,25172835.534705877,695952327.0984473,43552688.46717597,11073190.51155614,32479497.95561993,4310001206.384339,143723258.81572872,18847416.027970627,124875842.78775787,343214038.7480677,28952729.850115914,16668682.960328802,12284046.889787018,278428854.7721185,83616631.60424764,194812223.1678707,70425925.76890618,49312373.717364095,162730139.05766386,32781623.471598636,315250062.01553273
1962,1012688683.3873692,63782089.10953121,38017310.63822335,25764778.471307874,729975332.7225609,45645751.34754706,11622745.723433517,34023005.62411356,4438285457.202233,147723242.4769263,19438991.65903214,128284250.81789398,355928675.50815296,30009568.547873005,17294931.78778773,12714636.760085285,287160651.48187757,86373979.80847675,200786671.6734007,72217039.29974096,51682236.58010311,167259106.0653604,33978225.25800838,325136607.20321286
1963,1039055798.1694587,65398796.18430067,39031681.40221104,26367114.78208959,765610550.9053481,47834395.07765223,12199176.89486492,35635218.18278718,4570052028.464024,151814984.0460314,20048412.78424094,131766571.26179028,369087085.21699697,31102115.137904156,17943705.429060165,13158409.708844006,296150290.44588846,89222976.51037705,206927313.93551105,74047550.02751434,54160320.513646096,171891965.63182902,35215257.17606902,335315093.3490585
1964,1066035638.3032492,67050785.23476076,40070945.1009702,26979840.133790493,802929281.2946234,50122488.472398765,12803758.08312353,37318730.38927531,4705375282.004307,155999451.5842833,20676198.04400046,135323253.5402832,382702711.01497257,32231363.29061241,18615737.49263685,13615625.7979756,305404088.5820552,92166638.72073103,213237449.8613246,75918008.6444302,56751005.9696544,176629813.84090048,36493844.30549412,345792672.7604792
1965,1093638576.8299446,68738534.67794989,41135596.15125455,27602938.52669537,842005469.2319138,52514007.62050089,13437819.683210518,39076187.93729043,4844329953.739359,160277551.18333754,21322879.44828487,138954671.7350521,396789249.8709376,33398318.502730824,19311779.646765783,14086538.855965018,314928411.9845192,95208074.92951572,219720337.05500293,77828956.83644688,59458794.86016858,181473676.61156878,37815125.1163166,356576553.4245009
1966,1121874958.5309,70462514.02495812,42226132.32400265,28236381.70095539,882915752.4059591,55013033.676675506,14102750.502630137,40910283.174045324,4986991072.970961,164650121.73502976,21989002.5034284,142661119.23160172,411360645.214503,34603996.94867829,20032601.605112903,14571395.343565404,324729666.3853417,98350486.93517411,226379179.45016783,79780926.20579498,62288308.05783006,186424503.77607536,39180250.16834046,367673988.20804083
1967,1150755087.065923,72223182.91085282,43343054.37582996,28880128.535022974,925739502.4962126,57623749.95883101,14799999.868577529,42823750.09025347,5133433876.1796055,169117929.53868574,22675126.330040943,146442803.20864487,426431078.35969967,35849424.21321882,20778991.06802211,15070433.145196676,334814286.62158835,101597171.64247054,233217114.979118,81774437.17261416,65244282.10918366,191483162.9740554,40590380.67619885,379092262.9320521
1968,1180289211.5034542,74020990.10630894,44486865.66877761,29534124.437531233,970558861.0157738,60350438.28244733,15531079.762886077,44819358.51956117,5283733715.16197,173681662.7539035,23381823.77153924,150299838.98236465,442014958.64408517,37135633.89990709,21551753.615521643,15583880.284385502,345188725.0425669,104951522.81872457,240237202.22384256,83809997.85587515,68331565.08429272,196650433.37172046,42046686.93377162,390838683.24565995
1969,1210487512.2375405,75856372.51034442,45658071.77625814,30198300.734086275,1017458768.4973836,63197474.4609502,16297566.979340425,46899907.48160982,5437965959.377225,178341925.708012,24109681.49275713,154232244.21525478,458126912.2059352,38463666.1099284,22351712.548078366,16111953.561850011,355859438.789235,108417032.79643407,247442405.9928009,85888102.93290809,71555111.48205413,201926999.21649912,43550346.59185734,402920560.2233187
1970,1241360086.288136,77729754.12307361,46857180.07247815,30872574.050595522,1066526986.0979925,66169322.897757605,17101105.297148667,49068217.600608945,5596205892.378327,183099233.06916735,24859300.06806444,158239933.00110245,474781769.32113445,39834565.786160246,23179708.670960903,16654857.115199268,366832875.87615883,111997294.10865216,254835581.76750618,88009232.47630617,74919976.1070625,207313443.23954636,45102542.78324303,415345194.606158
1971,1272916931.9829924,79641544.99705005,48084699.30219373,31556845.694856405,1117854108.6272686,69270530.19275005,17943407.663474035,51327122.52927601,5758528602.217349,187954003.89741102,25631294.058389984,162322709.83902168,491994550.2207205,41249380.91751808,24036600.017932072,17212780.89958608,378115460.0047292,115696001.04198982,262419458.96274018,90173850.76658747,78431306.83055939,212810239.9200759,46704462.08958116,428119859.6068039
1972,1305167933.0213175,81592140.16579705,49341139.12747202,32251001.03832507,1171533567.9337642,72505717.68345296,18826258.376957264,53679459.30649567,5925008865.72883,192906555.58798847,26426292.07650727,166480263.51148129,509780449.30982554,42709160.598956086,24923261.50985107,17785899.08910501,389713574.03619456,119516951.09078762,270196622.94540703,92382405.07902746,82094336.14521396,218417748.62770432,48357292.344832525,441251782.1967783
1973,1338122841.9214032,83581918.54826666,50627009.64818066,32954908.900085688,1227661625.5098636,75879572.83920102,19751515.263101824,56128057.576099396,6095721026.611676,197957097.72274724,27244936.839900598,170712160.88284588,528154817.7090636,44214952.94286538,25840584.543627292,18374368.39923805,401633542.0530803,123464046.29481037,278169495.758269,94635324.44323671,85914371.4211968,224136206.66071925,50062220.27045446,454748122.79560727
1974,1371791262.8566287,85611241.8284021,51942820.8931767,33668420.93522549,1286337353.1037333,79396839.42512082,20721111.831251133,58675727.593869686,6270738867.248718,203105725.84753552,28087885.21049332,175017840.63704205,547133144.0402629,45767802.838029586,26789476.50683027,18978326.331199348,413881609.93908805,127541294.44175142,286340315.49733657,96933018.37454948,89896783.76938498,229965722.20056105,51820428.937986396,468615953.2824819
1975,1406182633.8865635,87680453.30951709,53289082.279582284,34391371.02993488,1347662600.0542026,83062306.3521195,21737059.40165,61325246.950469255,6450135474.223469,208352415.19521406,28955808.22046355,179396606.97475052,566731033.3799452,47368749.55281295,27770860.213130668,19597889.33968222,426463924.40966356,131752810.11482652,294711114.2948369,99275875.57689887,94046995.41680197,235906267.20472607,53633095.05526829,482862233.25369525
1976,1441306208.59241,89789876.74391109,54666302.03806446,35123574.70584655,1411741945.9936838,86880795.12923464,22801449.189753436,64079345.93948126,6633983097.516251,213697014.37612343,29849391.083342403,183847623.29278183,586964184.3061342,49018824.179815285,28785673.253626227,20233150.926189065,439386510.4290844,136102815.56478652,303283694.8642987,101664262.61765295,98370465.49958633,241957670.26282093,55501386.073160425,497493784.4532206
1977,1477171037.1286356,91939815.13886394,56074986.60263848,35864828.53622556,1478682637.4961052,90857145.83594161,23916454.333520107,66940691.50242138,6822353003.386299,219139239.0595693,30769333.189520415,188369905.87004852,607848363.9670376,50719046.91990438,29834867.259001076,20884179.660903335,452655246.9542792,140595641.3846801,312059605.5695988,104098522.57570645,102872674.18018752,248119609.44244713,57426457.110398985,512517263.30874014
1978,1513785946.7054513,94130549.54095046,57515639.96413477,36614909.576815605,1548594507.1826127,94996201.53441247,25084331.84790504,69911869.68650746,7015315320.973373,224678665.67232805,31716348.08525336,192962317.58707428,629399381.1039383,52470424.204283655,30919407.067382965,21551017.136900783,466275840.95197463,145235726.96467614,321040113.98729813,106578973.66502543,107559104.99820253,254391605.15435696,59409447.69506755,527939131.51265246
1979,1551159521.5197158,96362337.80133249,58988762.987068005,37373574.814264536,1621589873.739042,99302791.04557435,26307424.489145033,72995366.55642939,7212938882.681092,230314725.14191082,32691163.43419163,197623561.70771885,651633056.9653279,54273945.654092155,32040269.79270259,22233675.861389518,480253799.6429098,150027620.70310727,330226178.9398023,109105907.83665363,112435225.36863038,260773013.06828672,61451478.32211521,543765624.595686
1980,1589300082.1549091,98635413.32538275,60494852.69018961,38140560.63519335,1697783421.2474518,103781710.01811956,27588162.509710133,76193547.50840974,7415291058.435363,236046696.71467766,33694520.960408024,202352175.75427055,674565194.054998,56130580.87800382,33198443.788333625,22932137.08967018,494594400.9361838,154975979.9486414,339618420.9875438,111679589.36297867,117506465.14732741,267263017.113539,63553646.82744998,560002718.4512951
1981,1628215664.4740326,100949983.81058227,62034401.491458684,38915582.31912351,1777292056.1912997,108437700.22683024,28929065.282982256,79508634.9438479,7622437583.94441,241873701.8808824,34727176.371835485,207146525.5090475,698211542.6635311,58041276.1093323,34394927.50079914,23646348.608533025,509302662.0276272,160085570.64707556,349217091.38055193,114300253.40872087,122778193.19161034,273860622.6006368,65717024.58031284,576656093.7812808
1982,1667913998.0326204,103306229.97711122,63607896.41852343,39698333.55858779,1860234740.4621446,113275427.0456531,30332742.77480806,82942684.27084494,7834442383.122228,247794698.4407883,35789899.26297,212004799.17781734,722587765.1404675,60006950.68531734,35630728.208381,24376222.47693646,524383306.14886993,165361266.6646825,359022039.48418653,116968104.59364948,128255691.8542268,280564649.50270414,67942652.49696256,593731098.447543
1983,1708402484.0424984,105704304.29592769,65215818.28604955,40488486.00987792,1946732298.6773438,118299455.05227712,31801896.83707781,86497558.21519923,8051367384.874703,253808474.74810597,36883472.995630845,216925001.75247574,747709397.87346,62028493.372555085,36906860.63956258,25121632.73299253,539840727.4688659,170808048.7583208,369032678.7105454,119683315.55245435,133944129.3617268,287373725.93762,70231536.88015749,611232707.7319586
1984,1749688172.920487,108144329.71936275,66858640.84137432,41285688.87798858,2036907198.1156137,123514221.73466678,33339322.29639689,90174899.43826985,8273272334.487057,259913644.16886333,38008694.556509726,221904949.61235332,773591810.9509702,64106758.54389011,38224345.46638,25882413.07751012,555678954.166783,176431003.16066095,379247951.0061219,122446025.49746689,139848530.04378033,294286281.89409345,72584645.0904553,629165482.5257959
1985,1791777741.4598982,110626398.41942292,68536829.88001148,42089568.53941131,2130883299.5930822,128924009.28622791,34947907.808759555,93976101.47746849,8500214599.89264,266108639.79576108,39166374.3901768,226942265.40558338,800250165.4966156,66242562.21359773,39584207.66795219,26658354.545645475,571901609.7150097,182235319.74690002,389666289.96810865,125256338.79010747,145973742.39835587,301300543.2470121,75002901.05706264,647533525.492538
1986,1834677469.6664197,113150570.53902318,70250842.3325019,42899728.20652151,2228785577.6395326,134532914.4953581,36630636.448907964,97902278.04645038,8732248973.14626,272391709.4597719,40357336.20615296,232034373.2536192,827699368.6761644,68436677.93926248,40987474.7597138,27449203.17954874,588511872.4334157,188226289.74727663,400285582.6861398,128114323.52697371,152324404.9992732,308414526.1093432,77487180.6377519,666340435.273342
1987,1878393217.303788,115716872.96138471,72001125.32401638,43715747.6373682,2330739808.395812,140344816.75706568,38390586.0007859,101954230.75627947,8969427467.47009,278760911.08242387,41582416.75859213,237178494.32383156,855954026.3924063,70689832.60042882,42435174.884186774,28254657.716241956,605512433.401303,194409302.96758118,411103130.4337212,131020010.14649537,158904910.27747473,315626031.5697734,80038306.83925365,685589258.8329971
1988,1922930400.198501,118325298.10271537,73788115.20800205,44537182.89471316,2436872223.7419415,146363344.25931138,40230928.91318191,106132415.34612942,9211799110.286509,285214108.4134805,42842465.597064115,242371642.8164177,885028393.6987877,73002702.0658841,43928334.75950286,29074367.306381345,622905452.8413913,200789844.47775093,422115608.3636416,133973390.06195128,165719366.23563334,322932640.86671257,82657044.91155356,705282442.0758507
1989,1968293966.3567247,120975802.73325409,75612236.5750309,45363566.15822363,2547309130.284572,152591838.42495826,42154931.88232774,110436906.54263067,9459409732.699875,291748967.2002297,44138344.78686229,247610622.41336632,914936322.9797142,75375906.76325925,45467977.48233278,29907929.280926466,640692515.1217014,207373490.72655368,433319024.3951471,136974414.3266011,172771556.1876792,330331711.05098474,85344097.33158882,725421778.8968539
1990,2014488371.9504342,123668306.8316099,77473901.23790029,46194405.59370947,2662176491.9850903,159033316.72141233,44165955.02089449,114867361.70051813,9712301755.937914,298362951.8352555,45470928.597216345,252892023.23803902,945691209.9638606,77810007.16654034,47055120.182393774,30754886.984146476,658874582.5548182,214165905.03840488,444708677.5164131,140022992.33651483,180064896.65014982,337820371.19028026,88100098.69399948,746008358.8709445
1991,2061517557.2337275,126402692.47724059,79373507.1939471,47029185.28329325,2781599475.3991504,165690433.98459867,46267450.57053857,119422983.41406012,9970513975.312836,305053322.5306465,46841103.15572549,258212219.3749218,977305937.6566083,80305499.21904533,48690771.52629765,31614727.692747712,677451948.211531,221172832.44650882,456279115.7650229,143118990.57658583,187602393.55140248,345395519.1696632,90925610.52881038,767042513.8264619
1992,2109384922.4540997,129178802.7858799,81311437.56550772,47867365.2203722,2905701956.7275896,172565442.4413632,48462961.1129236,124102481.32843924,10234081342.312283,311817133.06673783,48249766.06729107,263567366.99944687,1009792818.298827,82862809.71139216,50375929.069173455,32486880.64221871,696424188.005373,228400093.81489587,468024094.190477,146262231.41517198,195386596.96712318,353053819.14259267,93821116.06815237,788523763.5930402
1993,2158093303.8272486,131996440.89261964,83288059.51947077,48708381.37314892,3034605990.15034,179660150.65477318,50756117.23202296,128904033.42275047,10503034745.48026,318651229.1637539,49697825.99577473,268953403.1679783,1043163533.4815649,85482291.63599029,52111576.453252435,33370715.182737827,715790112.3471371,235853579.20052087,479936533.1466155,149452491.95269433,203419554.6362921,360791699.6872214,96787014.98640205,810450761.2626098
1994,2207644949.647692,134855368.98739997,85303723.16695625,49551645.82044363,3168431237.2315,186975881.65968156,53150634.578521244,133825247.08116007,10777400790.798063,325552247.52437603,51186202.20657496,274366045.3178024,1077429072.5696993,88164219.54158214,53898680.45344781,34265539.08813441,735547717.7130396,243539240.4055003,492008477.30754054,152689502.92957425,211702764.56032786,368605352.72234607,99823618.14037833,832821238.3526266
1995,2258041496.611038,137755307.4076405,87358760.44429445,50396546.963346004,3307294357.5470915,194513430.60093775,55650310.28534594,138863120.31559134,11057201582.324486,332516615.59470385,52715824.068280876,279800791.5264225,1112599669.6121223,90908784.9133141,55738187.87089088,35170597.04242301,755694138.5165962,251463082.66881216,504231055.84778285,155972947.6988683,220237127.03910524,376490733.2367571,102931142.33844441,855631950.3131752
1996,2309283946.427195,140695933.7928364,89453483.97667992,51242449.816156864,3451308361.098568,202273022.23328072,58259018.68180516,144014003.55147648,11342454503.902721,339540552.08976513,54287630.511528954,285252921.5782356,1148684738.9414306,93716091.60572155,57631022.276413396,36085069.32930827,776225599.7216038,259631155.4464274,516594444.27517724,159302461.26906297,229022896.55036312,384443559.8842449,106109705.16952169,878878622.8731927
1997,2361372642.807036,143676882.30596256,91588185.92612149,52088696.37984085,3600581923.535507,210254268.68949637,60980706.252556615,149273562.43693924,11633172002.788057,346620068.328521,55902569.4431841,290717498.8853359,1185692809.6921837,96586151.35783583,59578080.60708271,37008070.750753164,797137370.6818159,268049542.2289449,529087828.4528692,162677629.42251197,238059633.93285367,392459316.49515516,109359319.92508586,902555899.7756068
1998,2414307248.908064,146697742.92662665,93763136.8255986,52934606.101027966,3755218665.7197123,218456127.97094974,63819385.786744416,154636742.18420506,11929361376.095057,353750970.42093295,57561597.113936566,296189373.3069992,1223631459.49338,99518879.42130336,61580229.62010721,37938649.80119634,818423720.7398127,276724349.3463868,541699371.3934286,166097987.9151117,247346159.3873978,400533254.55268675,112679890.64912066,926657292.5043169
1999,2468086725.3274045,149758060.82098606,95978584.40164489,53779476.41934061,3915316399.7189894,226876863.66145664,66779129.66218,160097733.9992771,12231024561.005081,360928862.3474395,59265677.43741336,301663184.91002464,1262507247.6176248,102514090.33398217,63638302.209737204,38875788.12424469,840077877.1638644,285661693.71097547,554416183.452887,169563021.76289183,256880506.86306232,408660396.679619,116071207.35278778,951175132.658361
2000,2522709308.732935,152857335.7934344,98234752.38790497,54622583.40553045,4080966343.9194636,235514006.40997064,69864062.20949629,165649944.20047426,12538157929.714046,368149149.96788067,61015781.25891584,307133368.7089653,1302325647.8962736,105571493.87282307,65753093.594174385,39818400.27864885,862091986.0441087,294867689.4504915,567224296.5936189,173072164.62118933,266659880.44607183,416835541.1774011,119532941.43209134,976100527.6767536
2001,2578172491.225529,155995021.82513648,100531839.33254178,55463182.49259424,4252252310.5866423,244364317.76901087,73078351.10183237,171285966.66717863,12850752090.1357,375407045.99354047,62812885.571885966,312594160.42165375,1343090981.736297,108690691.22100887,67925357.38098544,40765333.84002328,884457076.8086966,304348433.38724554,580108643.4214499,176624798.26215634,276680613.41599965,425053267.6557297,123064641.32813504,1001423320.6620207
2002,2634473000.5272284,159170526.70438233,102870017.40268363,56300509.30169916,4429249869.882026,253423757.01230443,76426197.71692038,176997559.29538345,13168791693.407072,382697575.9516357,64657972.680264845,318039603.27137184,1384806351.6004245,111871171.38519612,70155801.52106875,41715369.864127636,907163031.0535185,314109989.3209376,593053041.7325821,180220252.15623,286938130.6751635,433307943.7858194,126665728.4705572,1027132055.0877701
2003,2691606781.091547,162383211.7537213,105249431.18940261,57133780.56431866,4612025495.046968,262687451.5854406,79911826.4204989,182775625.16494274,13492255249.269232,390015585.16706944,66552029.304908626,323463555.8621597,1427473575.336911,115112307.89933772,72445084.16285121,42667223.736486435,930198556.4055691,324158371.07766134,606040185.3279076,183857803.16318083,297426915.2914862,441593733.2054681,130335493.5454458,1053213945.205581
2004,2749568976.233134,165632391.6585728,107670196.5169855,57962195.14158678,4800635694.189799,272149671.86573035,83539472.72289911,188610199.14283085,13821114950.417738,397355746.78081715,68496045.6323117,328859701.14850616,1471093121.7686276,118413355.85179491,74793809.42007801,43619546.43171668,953551166.1569152,334499524.29227436,619051641.8646405,187536675.33805797,308140479.92043746,449904604.5978455,134073093.12929678,1079654852.9856377
2005,2808353911.3745813,168917334.40194598,110132399.26049878,58784935.141447544,4995126134.845499,281803810.92019665,87313370.26449727,194490440.65569973,14155336506.932604,404712570.8187764,70491014.30390999,334221556.5148659,1515664047.9727452,121773449.27241339,77202523.06829602,44570926.20411754,977207165.4133323,345139306.897202,632067858.5161307,191256039.85727578,319071343.88609225,458234341.95966536,137877546.7305405,1106439272.433574
2006,2867955078.5081644,172237261.30944014,112636094.17585681,59601167.13358307,5195530768.207127,291642369.9522493,91237736.59062071,200404633.36162758,14494878991.906548,412080414.3182968,72537929.344353,339542484.9739437,1561183938.7015648,125191598.9157194,79671708.18689969,45519890.72881961,1001151644.4957056,356083468.2977302,645068176.197974,195015015.0695654,330211016.7031808,466576556.0669121,141747734.2795736,1133550322.119232
2007,2928365121.9699106,175591347.2085178,115181303.74677148,60410043.461746216,5401870960.640507,301656950.11587745,95316757.682498,206340192.43338013,14839694699.392427,419453492.5130646,74637785.02718395,344815707.4858799,1607648848.411704,128666690.47553846,82201780.76539926,46464909.710139275,1025368480.3129983,367337627.2218527,658030853.0911455,198812666.6763109,341549988.80873805,474924697.1388866,145682394.1072673,1160969746.7312028
2008,2989575825.6223187,178978720.70551124,117768017.05310315,61210703.65240812,5614154640.772913,311838251.3504863,99554571.21807937,212283680.13240623,15189729015.785496,426825891.0695602,76791574.67649361,350034316.3930683,1655053246.3823295,132197483.26498595,84793085.29436044,47404397.9706254,1049840346.3905436,378907248.24203664,670933098.1485081,202648008.04518935,353077730.2428513,483272068.69288975,149680121.4503917,1188677928.431322
2009,3051578101.5405245,182398464.58344325,120396188.66523771,62002275.91820574,5832375471.075181,322176078.8473203,103955248.54505357,218220830.30226803,15544920305.742872,434191579.36060226,79000289.40322378,355191289.9573765,1703389965.4130995,135782609.39400527,87445890.3632355,48336719.03077006,1074548732.1853712,390797616.9767505,683751115.2086203,206520000.66060153,364782697.97024494,491611842.5731457,153739367.5203864,1216653908.7243786
2010,3114361980.294508,185849616.32318014,123065737.56919652,62783878.7539835,6056512053.416728,332659357.69982076,108522775.35827336,224136582.341547,15905199813.721403,441544424.7534468,81264916.77491736,360279507.9785309,1752650154.5984325,139420573.47436926,90160384.28903612,49260189.18533301,1099473972.250817,403013813.99142337,696460158.2593944,210427554.71374562,376652352.46809417,499937075.12844974,157858439.16934925,1244875421.4796388
2011,3177916602.9171734,189331168.74990734,125776546.12724182,63554622.622665405,6286527178.544925,343276156.2132935,113261031.08509615,230015125.12819672,16270491582.185032,448878207.8815036,83586439.41787682,365291768.46362877,1802823236.6762924,143109752.8793216,92936670.80146141,50173082.07785988,1124595285.724026,415560687.4316762,709034598.2923508,214369529.83458713,388673184.11831236,508240724.50351405,162035499.1840145,1273318937.640428
2012,3242230214.6447296,192842070.806337,128528459.07878068,64313611.72755623,6522367129.804633,354013718.2546041,118173766.9948969,235839951.2597084,16640712387.494112,456186638.8599249,85965833.5508409,370220805.3090801,1853896870.4464777,146848398.58185434,95774764.81166936,51073633.77018523,1149890826.5027204,428442824.43618786,721448002.06653,218344735.96731997,400830749.835376,516515668.9990092,166268567.23488942,1301959722.0365946
2013,3307290160.51177,196381228.4534236,131321282.58638386,65059945.86704016,6763961051.650981,364858504.90962,123264583.06327195,241593921.8463478,17015771694.441267,463463374.39662504,88404067.44947232,375059306.947155,1905856918.7450814,150634636.59193975,98674588.29333574,51960048.29860377,1175337744.3516083,441664521.39246386,733673222.9591467,222351934.39019883,413109720.23281246,524754726.44545406,170555521.50355497,1330771902.5720205
2014,3373082882.8787746,199947505.6987605,134154783.33175534,65792722.36700487,7011220393.599554,375796245.58574754,128536903.63717313,247259341.9485731,17395571630.3414,470702035.74128455,90902099.84114894,379799935.90013313,1958687422.4480472,154466470.008918,101635966.30595258,52830503.70296574,1200912257.0347106,455229753.11603,745682503.9186769,226389838.87993717,425493937.4838627,532950674.525911,174894101.00647417,1359728551.8961852
2015,3439593920.964458,203539725.75215214,137028687.66646898,66511038.085683346,7264038440.185923,386811998.550775,133993951.96440808,252818046.58636856,17780006979.517498,477896227.4058461,93460878.22975282,384435349.17609787,2012370580.9573686,158341781.700775,104658623.19145334,53683158.50932145,1226589733.4095483,469142141.05208325,757447592.3574712,230457117.02009982,437966483.8663666,541096271.972199,179281908.62859488,1388801781.4872603
2016,3506807912.44945,207156672.3072768,139942680.82228458,67213991.48499203,7522289937.254947,397890220.73857147,139638723.66954553,258251497.0690241,18168965198.94847,485039556.58136326,96081337.15038767,388958219.43097305,2066886739.5982745,162258337.6170855,107742178.97617963,54516158.64090586,1252344787.244297,483404920.61839736,768939866.625895,234552391.65226087,450509760.800013,549184280.5495508,183716414.87441745,1417962847.8762422
2017,3574708597.211245,210797090.94761148,142896406.1858166,67900684.76179504,7785830824.457221,409014846.4804383,145473959.27816403,263540887.20227432,18562326455.761307,492125653.16703504,98764396.35419814,393361256.8128357,2122214384.32462,166213790.73724228,110886146.01089664,55327644.72634554,1278151381.3323271,498020907.8290754,780130473.5032506,238674242.4678572,463105577.9896267,557207487.7344147,188194962.33836308,1447182270.5302618
2018,3643278823.24319,214459690.6742358,145889464.64229098,68570226.03194475,8054498083.1858015,420169374.6410463,151502115.912466,268667258.7285805,18959963687.15697,499148190.3193805,101510958.923717,397637231.3956642,2178330144.092682,170205685.65005463,114089925.88199292,56115759.76806188,1303982941.2847173,512992465.36046696,790990475.9242513,242821207.73803872,475735252.084518,565158729.9811827,192714770.89000753,1476429960.693747
2019,3712500554.8025675,218143145.55244437,148921413.99306646,69221731.55937767,8328109708.3360815,431336963.4536607,157725338.30338135,273611625.15028,19361742683.258568,506100905.42105734,104321909.319464,401778996.10159683,2235208801.2206616,174231463.75511572,117352806.62713592,56878657.127979755,1329812478.1822782,528321468.2430478,801491009.9392343,246991786.17803937,488379714.0553224,573030916.4640595,197272943.56331038,1505675360.2607315
2020,3782354882.8245397,221846096.4734799,151991768.45150828,69854328.02197218,8606464811.214888,442500532.1659509,164145429.28714514,278355102.8788061,19767522193.261417,512977621.36163706,107198111.35878402,405779510.0028496,2292823310.0027056,178288469.0705119,120673960.28846811,57614508.782043934,1355612719.0715797,544009269.3859055,811603449.6856718,251184438.941893,501019624.2821002,580817053.1721435,201866473.1323731,1534887589.5285099
2021,3852822037.629913,225567153.02708945,155099998.221716,70467154.80537319,8889343859.666718,453642868.42957073,170763819.97774094,282879048.4518299,20177154055.149055,519772268.0158987,110140406.12826104,409631861.8876381,2351144823.7923136,182373954.62551022,124052440.83590202,58321513.789608,1381356244.0980692,560056665.16362,821299578.9344492,255397591.74262846,513635494.14580023,588510267.2281462,206492249.34953603,1564035602.4661107
2022,3923881403.945464,229304895.48001212,158245529.1644613,71059366.31555128,9176509060.035915,464746740.19940865,177581539.83020964,287165200.36919785,20590483349.11662,526478903.7988917,113149609.83132547,413329293.9675636,2410142730.7111616,186485089.41102976,127487182.49218203,58997906.91884804,1407015628.8893423,576463861.3181785,830551767.5711608,259629637.09240502,526207812.7257797,596103831.2940351,211147066.81502464,1593088347.9272444
2023,3995511538.2458286,233057876.85491,161427742.55454475,71630134.3003645,9467704883.960396,475795010.757739,184599186.83325997,291195823.92448044,21007348574.7155,533091737.1719361,116226511.57305922,416865225.59888077,2469784698.0759716,190618965.85490876,130976998.49009869,59641967.36480999,1432563590.6394937,593230439.4509627,839333151.1885357,263878936.65637454,538717177.0354835,603591187.9211233,215827633.44079345,1622014935.0537748
2024,4067690188.415959,236824625.10371512,164645974.93358493,72178650.17013025,9762658741.217337,486770755.3494536,191816898.09251112,294953857.25694084,21427581851.60048,539605147.9695027,119371871.08451962,420233276.88497925,2530036725.5687804,194772607.7833915,134520580.29058278,60252027.49280882,1457973136.2060628,610355324.4011984,847617811.8048592,268143823.71344557,551144424.0822618,610965973.6973536,220530579.46489075,1650784800.9579518
2025,4140394315.7227273,240603645.3687939,167899518.06202567,72704127.30676842,10061081797.942675,497657377.8128966,199234321.0875584,298423056.725338,21851009143.62453,546013708.4133415,122586416.38929422,423427292.02405167,2590863207.105484,198942978.8250297,138116497.2883258,60826481.53670359,1483217710.4200616,627836752.827204,855380957.5928617,272422605.7164786,563470762.9222108,618222043.0404682,225252466.9667456,1679367878.6459033
2026,4213600119.073721,244393422.32488006,171187618.97388658,73205803.35099363,10362669937.557251,508438725.5209669,206850585.90639475,301588139.61457634,22277450505.887695,552312203.6785492,125870841.41537885,426441362.2631645,2652227001.2846026,203126991.20822242,141763197.02910402,61363794.17911863,1508271342.7326183,645672243.3247643,862599099.4078531,276713566.9439312,575677904.8018194,625353491.4838645,229989799.8281504,1707734763.0577655
2027,4287283061.530416,248192422.5941719,174509480.13747662,73682942.45669508,10667104859.69145,519099200.9132154,214664278.7790144,304434922.13419914,22706720354.206516,558495651.8746717,129225803.55585429,429269848.31882095,2714089510.2237067,207321514.8992095,145459005.96010536,61862508.93910408,1533108790.2812686,663858568.4324508,869250221.8488193,281014971.23434323,587748189.4397819,632354678.3001264,234739034.0797209,1735856873.0539727
2028,4361417899.032067,251999097.22660783,177864259.7249566,74134837.50165129,10974055310.348684,529623867.9049541,222673417.2477188,306950450.6572342,23138627756.330315,564559323.3060524,132651921.18225378,431907402.1237984,2776410766.515772,211523387.02336118,149202130.73129603,62321256.29206514,1557705675.4609756,682391728.8862252,875313946.574749,285325064.7946194,599664705.5083266,639220248.3084834,239496588.5681173,1763706607.1795468
2029,4435978711.275709,255811884.2368955,181251071.99325383,74560812.24364185,11283178434.530527,539998551.5059813,230875427.3241394,309123124.1818428,23572976744.091408,570498758.8760093,136149771.11491767,434348987.76109314,2839149527.9629016,215729421.5093616,152990660.06223175,62738761.44712973,1582038616.1282475,701266930.4945426,880771685.6337075,289642079.07257193,611411403.4261564,645945152.7128729,244258855.87563586,1791257491.0872371
2030,4510938934.686808,259629211.18952763,184668987.77842894,74960223.41109848,11594121240.60824,550209929.0694386,239267122.99172452,310942806.077713,24009566645.540123,576309787.5037825,139719886.05506787,436589901.4487152,2902263379.6713247,219936418.89315724,156822567.18473426,63113851.70842314,1606085346.655906,720478564.0099555,885606782.6459498,293964233.68379486,622973198.6746361,652524668.8222176,249022213.42069435,1818484314.601343
2031,4586271397.404327,263449497.822661,188117035.1051416,75332462.71751976,11906522163.912529,560245611.7211156,247844688.4168263,312400923.30428886,24448192435.9822,581988542.42582,143362751.98373595,438625790.44207764,2965708843.0203795,224141176.21662444,160695712.86756957,63445463.34905481,1629824828.1862211,740020188.3732734,889804639.8129411,298289739.3825419,634336063.9958284,658954418.5074955,253783034.6655621,1845363256.5514278
2032,4661948356.193466,267271158.70153758,191594199.91239828,75676958.7891388,12220012715.36964,570094214.6881049,256603663.23099425,313490551.45711136,24888645106.708805,587531476.259752,147078805.53315085,440452670.72660446,3029441490.9504256,228340496.95474055,164607849.02469417,63732647.93004608,1653237346.604135,759884517.7012377,893352828.9029007,302616801.0660525,645487109.0218579,665230385.2578714,258537700.35636386,1871871995.7021456
2033,4737941535.189054,271092605.8918432,195099426.89625537,75993178.99558735,12534219199.578178,579745415.4497169,265538931.2411772,314206484.20853806,25330712050.08768,592935374.7154628,150868431.3365894,442066943.37887573,3093416068.951184,232531200.9046072,168556622.90384907,63974578.00075817,1676304596.9616303,780063412.377871,896241184.5837593,306943620.8014529,656414646.1160744,671348929.7050077,263282609.71989042,1897989806.3424253
2034,4814222166.362739,274912251.6433197,198631620.46963507,76280631.17368507,12848764485.534143,589189998.8686475,274644712.91268396,314545285.95596504,25774177459.570423,598197368.8458982,154731959.36315638,443465409.4827423,3157586621.07388,236710133.97001362,172539581.84731734,64170552.1226964,1699009753.327879,800547874.5927927,898461878.7350888,311268400.864266,667108241.4726534,677306803.493997,268014191.542135,1923697637.3730514
2035,4890761031.597678,278728511.0738126,202189645.83887357,76538865.23493958,13163269812.302042,598419888.7196261,283914561.95172673,314505326.76789856,26218822743.065735,603314945.7396995,158669662.24438184,444645283.49531174,3221906620.238723,240874177.7764227,176554178.61158004,64319999.164842606,1721337523.309561,821328048.6465622,900009474.6629925,315589346.7774146,677558750.8147941,683101161.3900583,272728915.05482644,1948978174.0370934
2036,4967528506.245529,282539804.8439066,205772330.1960554,76767474.64785099,13477356611.3218,607428165.3094649,293341366.2897085,314086799.0197582,26664426948.033485,608285957.5677105,162681752.59996364,445604204.96775055,3286329102.064378,245020259.05314046,180597777.22748512,64422481.82565498,1743274186.7742226,842393226.3132126,900880960.4610147,319904670.33956814,687758339.3449558,688729571.5214114,277423300.5583565,1973815881.764292
2037,5044494604.032277,286344561.81238914,209378464.02564126,76966097.78674793,13790648326.750277,616209069.1685585,302917353.7400816,313291715.42847633,27110767196.570343,613108628.9072562,166768380.37039998,446340248.5368576,3350806801.4089947,249145358.7220362,184667659.3774202,64477699.34461689,1764807618.61024,863731857.513543,901075761.0966988,324212592.63178116,697700485.9245454,694190023.6721652,282093929.71245044,1998197031.9409423
2038,5121629023.171813,290141221.66284823,213006802.52331236,77134419.1395359,14102772215.27074,624757991.0809232,312634102.5604571,312123888.52046394,27557619128.68544,617781562.2797705,170929630.16467458,446851932.11509705,3415292290.783603,253246520.63557583,188761031.2609671,64485489.37460852,1785927295.6591177,885331566.5094112,900595729.1497054,328511346.99144953,707379971.7854656,699480935.5522764,286737455.4297734,2022109709.7589648
2039,5198901193.539304,293928237.4918925,216656067.1244008,77272170.36749077,14413361107.162186,633071448.999246,322482557.10780084,310588891.89144516,28004757351.905,622303741.8511449,175165518.63158485,447138223.2195587,3479738119.7786813,257320859.91072106,192875030.91564274,64445828.99507809,1806624288.2530043,907179173.7794292,899445114.4735727,332799181.9428131,716792854.3922622,704601156.9872565,291350611.3119577,2045543804.6342897
2040,5276280324.750296,297704078.3496862,220324947.13869536,77379131.21099186,14722055111.093842,641147052.6549612,332453048.72330713,308694003.9316559,28451955895.29845,626674535.2570813,179475991.86363512,447198543.3934517,3544096954.6339264,261365570.80994457,197006735.9546995,64358834.85524511,1826891237.0716734,929260723.6803372,897630513.3913445,337074364.0734672,725936427.3720123,709549971.9849199,295930220.5728539,2068490984.0032535
2041,5353735454.9863,301467231.7238756,224012101.4878705,77455130.23600483,15028503246.080484,648983456.9128708,342535321.9262269,306448134.98664284,28898988665.986286,630893693.5307152,183860922.84287524,447032770.6878357,3608321717.079664,265377934.1253601,201153171.67962176,64224762.44573784,1846722316.2928216,951561517.9365945,895160798.3562212,341335180.8467794,734809167.7002614,714327098.6534367,300473204.3991849,2090944651.5996623
2042,5431235500.403268,305216205.9581937,227716160.5412253,77500045.41696739,15332364985.275925,656580305.128677,352718565.93323714,303861739.1954403,29345629906.171463,634961349.1235069,188320108.93832925,446641240.18517685,3672365721.586171,269355324.0275019,205311319.5209953,64044004.50650692,1866113184.2378795,974066154.933787,892047029.3040915,345579943.34034616,743410671.5677955,718932686.9604924,304976589.70505196,2112899891.573686
2043,5508749304.955936,308949532.5975735,231435728.04490584,77513804.55266857,15633311697.763233,663938163.9398649,362991451.4525556,300946712.4873085,29791654648.732517,638878012.0261161,192853269.465061,446024742.5610542,3736182810.1741576,273295214.3458757,209478125.75788918,63817088.58798647,1885060922.9094303,996758574.7204117,888302348.1890178,349806988.90123814,751741580.5478543,723367314.3411641,309437516.2430658,2134353400.0333223
2044,5586245690.468656,312665768.6519728,235169383.1392542,77496385.51271915,15931027976.18322,671058451.0509237,373342172.6309388,297716278.4199867,30236839169.426872,642644564.0095301,197460043.3151703,445184520.694355,3799727483.965586,277195184.25428075,213650510.46285215,63544673.791428566,1903563967.9667075,1019622109.5482155,883941858.4184895,354014683.7092083,759803499.831209,727631979.1774571,313853243.0415316,2155303405.759406
2045,5663693506.781813,316363498.7716177,238915682.45846024,77447816.31315708,16225212839.885717,677943357.6605073,383758493.9580077,294184863.7024975,30680961433.77804,646262251.0224901,202139986.67133075,444122264.3511696,3862955030.6884375,281052923.3399761,217825376.61712533,63227546.72285128,1921622030.7945912,1042639539.7049239,878982491.0896754,358201425.2396034,767598910.3945962,731728092.1903194,318221154.1439946,2175749581.968514
2046,5741061681.802553,320041337.3269565,242673162.3062154,77368175.02074051,16515580805.246847,684595767.2184265,394227801.85729957,290367965.36112976,31123801536.759148,649732673.7947937,206892570.81368035,442840102.9811058,3925821647.391392,284866236.041707,221999619.3387514,62866616.70295477,1939236014.3818836,1065793154.3159467,873442860.0659308,362365644.61838377,775131077.0136169,735657465.8002646,322538763.6341791,2195692951.0664444
2047,5818319271.289051,323697930.38713944,246440340.90064204,77257589.48649788,16801862816.82396,691019172.1955588,404737160.618445,286282011.5771122,31565142133.437767,653057776.709729,211717180.03111064,441340596.6786194,3988284557.6740713,288633045.44765115,226170135.16497242,62462910.28267908,1956407924.7400782,1089064816.7151701,867343108.0249085,366505808.86225027,782403954.0257685,739422301.5282258,326803719.93619925,2215135784.3524437
2048,5895435508.199133,327331957.59145695,250215720.68137443,77116236.91008186,17083807035.072752,697217590.500121,415273372.2513294,281944218.24879265,32004768858.812943,656239835.0233068,216613109.64813712,439626725.3751755,4050302122.794629,292351396.4501921,230333831.3296341,62017565.120557785,1973140779.5650768,1112436033.910475,860704745.6546078,370620422.99757355,789422090.6930718,743025175.5245775,331013809.38654,2234081498.601763
2049,5972379851.436633,330942133.9088043,253997790.67130405,76944343.23750019,17361179478.38464,703195483.0845928,425823039.77270204,277372443.31188774,32442470735.15267,659281440.5184112,221579564.17867798,437701876.3397293,4111833946.078272,296019458.25996554,234487634.9763229,61531823.28364277,1989438515.7717738,1135888029.599007,853550486.17276,374708032.0525411,796190537.9128089,746469022.3260996,335166959.08057696,2252534551.3720264
2050,6049122033.832325,334527211.28086984,257785028.8851791,76742182.39569187,17633764519.17516,708957674.1603408,436372633.36982393,272585040.7905197,32878040565.22996,662185485.6954072,226615655.61811647,435569830.0772896,4172840970.116745,299635526.2870728,238628502.2486002,61007024.03847313,2005305897.4236903,1159401820.1217196,845904077.3019743,378767222.91765153,802714757.8808206,749757116.9558505,339261239.0025734,2270500336.756896
2051,6125632109.20073,338085980.1453728,261575904.77696618,76510075.36840534,17901365235.629593,714509275.2806562,446908558.8262194,267600716.45443344,33311275309.955025,664955146.610141,231720401.88507533,433234744.7250633,4233285566.3190436,303198023.4022923,242753427.1999938,60444596.20229864,2020748425.4384623,1182958292.6882546,837790132.7502007,382796626.07039493,809000538.134801,752893055.4915546,343294863.4536824,2287985083.150433
2052,6201880498.319449,341617270.8363697,265368881.71765104,76248389.1187191,18163803622.45714,719855614.3702713,457417227.5427269,262438386.82754898,33741976449.010605,667593864.4798442,236892725.4242685,430701139.05558014,4293131616.4464116,306705500.595693,246859450.46832505,59846050.12736797,2035772250.2821784,1206538285.1529715,829233965.1292162,386794917.16074467,815053911.1982238,755880734.2389541,347266191.79765964,2304995754.395582
2053,6277838033.683804,345119954.8593162,269162419.4949616,75957535.36435413,18420920665.593178,725002170.580417,467885127.44437844,257117043.13603592,34169950323.214836,670105326.1859949,242131451.98176172,427973874.20423126,4352344585.839286,310156637.0543296,250943667.66145504,59212969.39287424,2050384088.6800578,1230122666.5825567,820261422.0974956,390760818.4548417,820881080.8202186,758724327.6562442,351173728.5488333,2321539955.480138
2054,6353476002.896559,348592946.03911585,272954976.82636124,75637969.2127552,18672576287.19918,729954515.6374582,478298894.03145593,251655621.6060028,34595008457.46052,672493443.809463,247435309.56378105,425058134.24568176,4410891588.118957,313550239.6842745,255003237.40460372,58547002.279670715,2064591145.1703115,1253692417.826202,810898727.3441105,394693100.1348685,826488355.5677743,761428265.1828159,355016122.8309267,2337625843.716386
2055,6428766190.560217,352035201.54022783,276745013.8765688,75290187.66365814,18918649168.526264,734718262.13951,488645380.81242955,246072881.3270836,35016967863.210175,674762333.33971,252802927.5900551,421959405.7496567,4468741441.221574,316885242.1055648,259035389.002948,57849853.102617264,2078401039.1250126,1277228711.2820015,801172327.8430157,398590581.45406234,831882090.2847713,763997207.1328238,358792167.23909056,2353262046.110748
2056,6503680918.54766,355445722.7582673,280530994.77082545,74914727.98744297,19159036459.2217,739299019.043748,498911728.34830993,240387290.69543457,35435651319.66063,676916292.7028443,258232836.25238386,418683456.4504547,4525864714.695648,320160703.15130454,263037429.67723,57123273.47407436,2091821737.656164,1300712989.0487492,791108748.6074066,402452131.74622655,837068635.6926495,766436019.8175321,362500796.14051694,2368457583.396925
2057,6578193084.535989,358823556.08347833,284311390.09514904,74512165.98832893,19393653382.464508,743702354.3856566,509085431.1428473,234616923.2428093,35850887632.82922,678959779.2574247,263723466.08883315,415236313.16859436,4582233768.26561,323375804.9044468,267006751.33448467,56369053.56996155,2104861494.6310065,1324127038.661314,780734455.9696941,406276671.2901702,842054296.1794119,768749750.0650189,366141083.4515928,2383221800.9861937
2058,6652276198.697775,362167793.53666544,288084679.37487954,74083114.16178608,19622432745.917385,747933765.0841744,519154401.631303,228779363.45287704,36262511871.953064,680897386.9073708,269273147.7835282,411624239.12384033,4637822781.732342,326529850.30744565,270940836.8407138,55589013.466732025,2117528795.8356562,1347453065.6304245,770075730.2052355,410063172.02973896,846845295.6116105,770943599.3063529,369712239.93143755,2397564306.87914
2059,6725904418.453917,365477573.27908134,291849353.5229397,73628219.75614166,19845324368.884,751998653.5188632,529107030.552243,222891622.96661377,36670365582.73319,682733822.9817291,274880112.2016044,407853710.7801285,4692607776.346394,329622260.38132477,274837265.7672724,54784994.61405182,2129832310.1609983,1370673762.0440595,759158548.1169357,413810658.1511338,851447750.8139303,773022897.3977911,373213610.0332029,2411494916.396058
2060,6799052581.202592,368752079.99809337,295603917.24941903,73148162.74867535,20062294436.273235,755902310.4208901,538932243.0316547,216970067.38923645,37074296977.09519,684473885.0303323,280542490.66832906,403931394.3619995,4746566627.849952,332652571.0914069,278693719.58784926,53958851.50355816,2141780846.5407226,1393772370.537252,748008476.0034695,417518206.51958036,855867652.1975658,774993076.3477495,376644668.3553067,2425023603.4202023
2061,6871696234.94931,371990545.1710172,299346891.4242984,72643653.7467184,20273324790.008404,759649903.5011675,548619549.7660009,211030353.73516846,37474161099.27508,686122437.6806896,286258315.500811,399864122.17988586,4799679071.4392395,335620429.8974215,282507986.3081334,53112443.58928776,2153383316.2502956,1416732742.9992435,736650573.2510605,421184946.9780539,860110850.8844742,776859644.1130996,380005015.73530513,2438160457.7109327
2062,6943811666.773876,375192247.20997554,303076815.38540906,72115431.82456589,20478412168.39597,763246471.1472479,558159092.7596788,205087378.3875656,37869819968.17421,687684389.6992211,292025520.80009055,395658868.8991318,4851926698.949356,338525592.0255998,286277964.51548433,52247627.51011658,2164648700.0820446,1439539393.4606628,725109306.6213799,424810062.5112948,864183051.5707065,778628158.6268356,383294375.02898526,2450915647.737822
2063,7015375929.080948,378356511.4911186,306792249.18404615,71564262.30707169,20677567403.702732,766696920.4582444,567541685.1514817,199155235.3067627,38261142696.05717,689164671.3936177,297841943.51065165,391322727.88295746,4903292948.608299,341367916.50004184,290001666.8410984,51366249.658943176,2175586019.843023,1462177544.6872778,713408475.155735,428392789.27889335,868089810.3014543,780304202.2119766,386512586.6168952,2463299388.4092193
2064,7086366863.591795,381482710.271849,310491775.76100206,70990934.51084709,20870814587.801643,770006028.8514118,576758844.7525038,193247184.0989113,38648005583.79211,690568212.4885408,303705324.75360435,386862887.7349396,4953763087.745891,344147361.9698193,293677222.83222693,50470139.13759136,2186204313.581621,1484633168.099337,701571145.4822893,431932416.5215681,871836536.290095,781893356.5314094,389659603.6795961,2475321913.0226684
2065,7156763123.045744,384570262.50014585,314174003.0461975,70396259.45394897,21058190215.2543,773178448.4653496,585802821.0126892,187375627.4526558,39030292192.95221,691899920.5990834,309613311.43897957,382286609.16010284,5003324188.876394,346863982.36738294,297302881.23687977,49561101.130503654,2196512613.9319615,1506893016.7347462,689619597.1972113,435428286.34527385,875428496.9037019,783401178.2145419,392735487.28191006,2486993448.7454276
2066,7226544190.590578,387618633.52035457,317837565.97552055,69781067.54483414,21239742312.6221,776218712.6008378,594666615.2330396,181552097.36780167,39407893395.20968,693164660.4190525,315563458.1615843,377601202.2574692,5051965099.600731,349517922.43243176,300877011.7080947,48640910.724336624,2206519928.9726768,1528944651.0782394,677575277.8944416,438879793.3880826,878870824.9556588,784833175.2933112,395740401.3048367,2498324194.9418893
2067,7295690396.851722,390627334.6800904,321481128.418947,69146206.26114368,21415529562.15709,779131243.4779992,603343993.9430093,175787249.5349884,39780707399.55897,694367233.7332592,321553229.3839741,372814004.34928894,5099676406.795507,352109413.1339881,304398105.93921244,47711307.194776535,2216235225.0253367,1550776457.6851425,665458767.3401976,442286384.3751024,882168527.4886767,786194784.5711721,398674607.2622148,2509324303.697166
2068,7364182934.680417,393595922.84322506,325103385.014529,68492537.8286953,21585620427.33609,781920360.6449169,611829495.465915,170090865.17900085,40148639758.00281,695512360.352844,327580001.90899783,367932358.44384,5146450395.571607,354638767.0217392,307864778.2456397,46773988.776099205,2225667410.8627253,1572377660.6350813,653289750.2276354,445647557.5670574,885326495.2954222,787491350.0371875,401538459.0372953,2520003861.9369626
2069,7432003871.591027,396523999.81394786,328703062.90333766,67820936.9106102,21750092286.984238,784590289.4448944,620118429.7967535,164471859.64814758,40511603350.4238,696604660.0642953,333641067.6433135,362963592.42099,5192281003.495194,357106373.53583336,311275765.6122461,45830607.9235878,2234825322.8589706,1593738325.9556508,641086996.9033356,448962862.10818374,888349512.5055417,788728102.4278706,404332397.5722751,2530372874.613871
2070,7499136159.9073515,399411211.67732835,332278923.36100435,67132288.31632423,21909030584.00256,787145169.0329801,628206872.0146562,158938297.018322,40869518349.44392,697648635.6722608,339733636.6521383,357914999.0201187,5237163770.568795,359512694.3024425,314629927.2288412,44882767.07360077,2243717710.685012,1614849359.25664,628868351.4283657,452231897.27958375,891242265.6623416,789910140.0274692,407056945.5417148,2540441248.5111094
2071,7565563644.646925,402257248.0616215,335829763.322048,66427484.73957348,22062527993.98161,789589059.5231864,636091649.5441338,153497409.97904968,41222312166.14567,698648657.2060591,345854840.5043034,352793816.7017517,5281095785.470119,361858258.44037986,317926243.5390557,43932014.90132427,2252353223.231247,1635702496.9095411,616650726.3216991,455454311.6639736,894009351.8152021,791042410.7858459,409712702.0384736,2550218776.3034954
2072,7631271069.181117,405061841.3279404,339354416.7937489,65707424.534192085,22210683618.26236,791925947.9440411,643770323.663295,148155624.28075027,41569919377.590065,699608947.3498366,352001735.9054412,347607211.444397,5324075628.541666,364143657.9019615,321163814.8304152,42979843.071546555,2260740394.5237794,1656290291.1929004,604450103.3308859,458629802.2281934,896655285.2627277,792129695.8218259,412300337.29841655,2559715120.6111636
2073,7696244078.716981,407824765.69276106,342851756.1568963,64973009.53586388,22353602205.305813,794159752.775259,651241165.7317992,142918587.04345322,41912281637.11952,700533568.1453663,358171308.6159144,342362259.5294571,5366103312.015532,366369542.86930925,324341859.39544296,42027683.47386551,2268887629.4826956,1676606089.9000528,592281539.5826397,461758113.3296661,899184502.6893784,793176594.3674891,414820587.4878954,2568939797.874429
2074,7760469221.65452,410545836.28884614,346320693.35130703,64225142.9375391,22491393403.563175,796294326.9320656,658503128.674709,137791198.25736237,42249347568.477394,701426409.0066578,364360477.64877623,337065931.357872,5407180217.945377,368536617.2251043,327459711.29525834,41076905.92984581,2276803189.452674,1696644010.9700506,580159178.4826193,464839035.65313196,901601366.5444584,794187510.1977557,417274249.5755257,2577902161.970872
2075,7823933948.880104,413224908.170175,349760180.944591,63464727.22558403,22624171048.40527,798333459.1518706,665555814.3097774,132777644.84209442,42581072644.8101,702291176.0744216,370566099.7417264,331725076.33270264,5447309034.301928,370645634.11489457,330516817.7583438,40128816.35655022,2284495177.5113616,1716398912.7544384,568096264.7569313,467872405.0839844,903910166.6121724,795166639.5770173,419662176.3076252,2586611387.5807996
2076,7886626611.063228,415861875.26631564,353169213.0831923,62692662.18312359,22752052485.078316,800280873.8169795,672399437.1439319,127881436.67304611,42907419053.64426,703131382.9298884,376784974.0957285,326346408.83415985,5486493689.669853,372697391.6159171,333512736.2479917,39184655.367925644,2291971523.629101,1735866360.5708442,556105163.0582552,470858101.524361,906115119.8108917,796117960.7448918,421985271.30425394,2595076453.3843985
2077,7948536454.02973,418456669.2917934,356546826.3252909,61909842.96650219,22875157929.107105,802140229.3183289,679034785.2895336,123105444.02878952,43228355548.94822,703950342.6755708,383013847.3716087,320936495.3039627,5524739286.963031,374692728.52554834,336447131.23237085,38245597.293177605,2299239969.8112416,1755042590.2188041,544197379.592432,473796047.6582806,908220368.3404992,797045224.9496952,424244484.2907024,2603306125.239177
2078,8009653612.289752,421009258.6157119,359892100.3556905,61117158.26002216,22993609865.06784,803915115.122885,685463179.1621499,118451935.96073532,43543857291.39708,704751161.3834194,389249418.9345601,315501742.44886017,5562052036.552392,376632520.28062177,339319770.6912607,37312749.58936119,2306308055.4026384,1773924469.143661,532383586.25897884,476686207.6717753,910229976.3619622,797951949.0301397,426440806.4771533,2611308939.5410304
2079,8069969100.803336,423519647.0969133,363204158.58332926,60315488.51358414,23107532484.20281,805609047.7543108,691686428.6193479,113922619.1349678,43853905677.96199,705536732.900156,395488346.3352394,310048386.5649109,5598439189.176163,378517675.01702607,342130522.39325595,36387152.623770714,2313183102.7684064,1792509455.9311726,520673646.83723354,479528585.9340051,912147925.446457,798841409.5336912,428575266.09717625,2619093187.011329
2080,8129474805.070543,425987872.8897693,366482168.6225618,59505704.267207146,23217051160.947884,807225465.93007,697706789.1849927,109518676.74507523,44158488161.939156,706309734.9918838,401727251.0147141,304582483.9771652,5633908968.976806,380349129.77735764,344879349.97671497,35469779.80064297,2319872203.589081,1810795558.7989836,509076644.79009056,482323225.64511925,913978109.0693728,799716638.3513176,430648924.113856,2626666897.1796656
2081,8188163469.636268,428414007.2255491,369725342.65982497,58688664.56572437,23322291968.090405,808767725.1190627,703526917.9765401,105240807.1425209,44457598064.52195,707072626.8020643,407962724.21927744,299109902.5827942,5668470506.982703,382127846.8728235,347566308.8669251,34561538.00589752,2326382206.0195,1828781293.7225676,497600912.296937,485070207.4564641,915724326.448214,800580419.8392938,432662870.1005701,2634037823.844542
2082,8246028685.10263,430798153.1741172,372932937.7077555,57865215.466362,23423381229.968105,810239091.792756,709149829.9150586,101089261.8777008,44751234379.00131,707827647.5892195,414191333.1098652,293636314.4793625,5702133775.325857,383854810.4040735,350191542.0609194,33663268.34315395,2332719702.960166,1846465642.7935987,486254060.16657925,487769648.0685204,917390276.0334647,801435289.3899677,434618218.30171365,2641213431.7936664
2083,8303064873.7439575,433140444.39058,376104255.7492515,57036188.64132786,23520445112.857246,811642737.6397163,714578854.7505711,97063882.88914108,45039401568.65575,708576816.7039948,420409627.0495589,288167189.6544342,5734909522.460047,385531022.9443224,352755275.81013393,32775747.134189606,2338891021.6786137,1863848013.3595154,475043008.31909275,490421698.81179804,918979548.9580121,802283533.4057912,436516103.87717664,2648200885.0527782
2084,8359267273.820836,435441043.85123336,379238643.7743548,56202400.07687855,23613609251.477577,812981734.000672,719817595.3803473,93164138.62033081,45322109359.36363,709321934.7593703,426614144.05147946,282707790.70788574,5766809209.617206,387157502.3868403,355257815.2296802,31899687.15715885,2344902214.998116,1880928198.4358616,463974016.56225395,493026544.2156175,920495622.7362682,803127190.624287,438357679.33292603,2655007036.9090986
2085,8414631922.690682,437700142.5830486,382335493.7132023,55364648.869846344,23702998410.360325,814259046.7594866,724869887.8767345,89389158.88274765,45599372527.937,710064585.941596,432801417.3682386,277263168.57336426,5797844948.713463,388735278.95771,357699539.8614539,31035739.09625721,2350759054.2418413,1897706338.8196292,453052715.42221546,495584400.56957495,921941855.4794911,803968054.734597,440144111.1387116,2661638421.9223742
2086,8469155638.812681,439917958.390608,385394242.26860857,54523716.12199879,23788736178.679977,815477531.8954347,729739763.5757867,85737768.31965256,45871210687.13888,710806141.404951,438967982.2030604,271838159.2018814,5828029441.8907,390265392.39385784,360080899.21661997,30184493.17723751,2356467024.0848517,1914182887.2640755,442284136.82077026,498095514.48211956,923321480.8598672,804807678.2211854,441876576.53290063,2668101250.096073
2087,8522836002.744802,442094734.5842755,388414370.65215516,53680363.93212128,23870944697.03832,816639931.8684347,734431413.5100912,82208518.35834122,46137648068.30591,711547763.6886783,445110382.5216469,266437381.16703033,5857375922.8545885,391748889.28515637,362402408.32126814,29346480.96388817,2362031319.4265447,1930358575.0051613,431672744.421381,500560161.4405293,924637604.0177023,805647377.3648984,443556260.51308465,2674401403.336215
2088,8575671337.230048,444230738.7131517,391395404.2279062,52835334.485245705,23949744414.606644,817748872.9690502,738949155.400724,78799717.56832504,46398713302.45408,712290412.0911772,451225177.94300205,261065234.14817047,5885898100.146286,393186820.57891476,364664643.28721654,28522177.291697502,2367456844.352294,1946234380.8588486,421222463.4934387,502978644.37630403,925893198.5609716,806488238.3278728,445184353.0105466,2680544434.275695
2089,8627660686.467981,446326261.30604494,394336912.06811076,51989349.23793316,24025253874.97604,818806863.7250988,743297403.3556988,75509460.36939621,46654439200.700455,713034848.932892,457308950.68651724,255725898.24637604,5913610102.462184,394580239.24399954,366868236.92810214,27712002.31589794,2372748213.208035,1961811503.0384288,410936710.16960335,505351292.2396342,927091104.7612079,807331124.2446693,446762046.2454705,2686535567.490982
2090,8678803794.666157,448381614.6236123,397238506.4254371,51143108.19817543,24097589529.03343,819816294.4147708,747480640.3573847,72335654.0573883,46904862534.78585,713781646.637367,463358312.55197483,250423334.0853958,5940526426.114649,395930198.09149665,369013874.4390311,26916323.652464867,2377909753.7672467,1977091333.7738276,400818419.9934244,507678458.5865175,928234029.0022315,808176683.2397724,448290532.2593939,2692379703.087915
2091,8729101083.964197,450397131.42449117,400099842.1264504,50297289.29804039,24166865573.16933,820779437.6963289,751503393.5604287,69276044.1359024,47150023818.43484,714531195.5573823,469369911.9083928,245161283.64898682,5966661884.706394,397237747.74797994,371102289.1562348,26135458.591745377,2382945512.4261823,1992075436.7515068,390870075.674675,509960520.18171555,929324544.493126,809025357.2887028,449771000.6204483,2698081422.5839925
2092,8778553631.821049,452373163.7480237,402920615.891173,49452547.85685158,24233193811.129475,821698450.3261262,755370212.3659779,66328237.96014404,47389967090.24001,715283712.4723585,475340440.6671784,239943271.80517578,5992031561.072319,398503934.7772642,373134258.41134036,25369676.365924835,2387859261.3237724,2006765527.3356695,381093733.98809624,512197875.6204978,930365093.2134582,809877391.839174,451204636.2967212,2703644996.9698515
2093,8827163147.953426,454310081.7160321,405700565.58365375,48609516.132377625,24296683537.843784,822575375.9028145,759085649.1885033,63489726.71430969,47624739698.707184,716039249.6817812,481266641.21461785,234772608.46717072,6016650761.525134,399729799.945934,375110599.4931177,24619200.452815056,2392654507.2465615,2021163455.4798927,371491051.7666731,514390943.9719566,931357989.0203968,810732846.1070892,452592617.69240713,2709074396.7918496
2094,8874931950.91064,456208272.3557641,408439469.39854926,47768802.957214355,24357441443.600487,823412148.545619,762654242.7889206,60757905.75670242,47854392090.04837,716797704.6195716,487145313.27838695,229652391.34118652,6040534972.424962,400916376.62765175,377032165.72782487,23884210.899827957,2397334502.1486063,2035271191.193682,362063310.95493126,516540163.44629085,932305421.8134273,811591603.9623772,453936114.8410912,2714373304.0631866
2095,8921862944.367992,458068138.44610095,411137144.9887494,46930993.457351685,24415571536.977894,824210597.3900001,766080504.0125939,58130093.377407074,48078977599.259476,717558829.9137917,492973320.7026857,224585509.21110535,6063699819.078458,402064689.34114504,378899842.6876489,23164846.65349579,2401902255.0910378,2049090812.3916779,352811442.6993599,518645990.0884295,933209462.6245472,812453385.3190576,455236287.75039065,2719545125.782425
2096,8967959593.217571,459890097.3886607,413793448.5390834,46096648.84957886,24471175084.999664,824972451.7651751,769368903.7434042,55603548.02177048,48298552244.97057,718322243.8175344,498747598.10644656,219574645.71109772,6086161026.959624,403175752.41632456,380714544.53515816,22461207.881166458,2406360545.387695,2062624494.9240923,343736050.4636135,520708896.49984235,934072069.4804972,813317757.945578,456494284.89167184,2724593008.8175893
2097,9013225899.531939,461674580.1054985,416408273.79113066,45266306.314367294,24524350569.039467,825699346.9051675,772523862.8653669,53175484.03980255,48513174528.50836,719087440.9370222,504465157.399224,214622283.5377884,6107934385.2325325,404250568.7831178,382477210.51020855,21773358.27290821,2410711936.730806,2075874504.5659301,334837432.16486645,522729370.5904648,934895093.8690755,814184149.6116647,457711241.8287113,2729519855.8999166
2098,9057666378.4725,463422029.964668,418981551.0241064,44440478.940561295,24575193655.066128,826392830.0378385,775549744.0111781,50843086.02666092,48722905237.563416,719853803.1846169,510123094.1295646,209730709.0550537,6129035712.545468,405290128.87728167,384188801.5643457,21101327.31293583,2414958792.064405,2088843190.7291946,326115601.33521175,524707914.3621694,935680287.6334221,815051860.489829,458888279.97880626,2734328342.4642267
2099,9101286034.210747,465132901.7349819,421513245.9967364,43619655.73824692,24623797176.889072,827054366.6949816,778450844.8720384,48603521.82294464,48927807254.809166,720620610.8867129,515718593.64096177,204902017.24575043,6149480825.056638,406295409.6576214,385850297.14645314,20445112.511169434,2419103288.974298,2101532981.6561897,317570307.3181114,526645042.72529656,936429310.1166005,815920075.7322384,460026505.5000242,2739020934.0741596
2100,9144090335.926664,466807660.57085454,424003358.8549347,42804301.71591759,24670251131.13523,827685347.0908768,781231392.8447238,46453954.2461586,49127945371.77538,721387053.9772828,521248937.0110696,200138116.96621704,6169285506.643298,407267373.72885627,387462692.1421957,19804681.586660385,2423147435.3678703,2113946380.8529236,309201054.5149536,528541282.34924656,937143735.383692,816787878.1445683,461127008.29807097,2743599904.1755776
