Year,Installed_Capacity_MW
1990,0.0
1991,0.0
1992,0.0
1993,0.0
1994,0.0
1995,0.0
1996,0.0
1997,0.0
1998,0.0
1999,0.0
2000,0.0
2001,0.0
2002,0.0
2003,0.0
2004,0.0
2005,0.0
2006,0.0
2007,0.0
2008,0.0
2009,0.0
2010,0.0
2011,0.01
2012,0.0
2013,1.04
2014,0.0208
2015,0.02
2016,1.6454
2017,11.7468
2018,0.4174
2019,10.328
2020,10.725
2021,19.75
2022,21.909737827715357
2023,16.800138525473294
2024,54.5
2025,74.75
